{
"type": "FeatureCollection",
"name": "cyl_boundary",
"crs": { "type": "name", "properties": { "name": "urn:ogc:def:crs:OGC:1.3:CRS84" } },
"features": [
{ "type": "Feature", "properties": { "NUTS_ID": "ES41", "LEVL_CODE": 2, "CNTR_CODE": "ES", "NAME_LATN": "Castilla y León", "NUTS_NAME": "Castilla y León", "MOUNT_TYPE": null, "URBN_TYPE": null, "COAST_TYPE": null, "NAME_ENGL": "Spain", "NAME_FREN": "Espagne", "ISO3_CODE": "ESP", "SVRG_UN": "UN Member State", "CAPT": "Madrid", "EU_STAT": "T", "EFTA_STAT": "F", "CC_STAT": "F", "NAME_GERM": "Spanien" }, "geometry": { "type": "MultiPolygon", "coordinates": [ [ [ [ -4.850753570999927, 43.173254052000061 ], [ -4.84443639999995, 43.16951922100003 ], [ -4.840272479999953, 43.167057433000025 ], [ -4.835576471999957, 43.156934935000038 ], [ -4.838629806999961, 43.148265534000075 ], [ -4.840252861999943, 43.14710506800003 ], [ -4.843371286999968, 43.144875429000081 ], [ -4.843318613999941, 43.134209036000073 ], [ -4.843315196999981, 43.133517185000073 ], [ -4.843540299999972, 43.13327651600008 ], [ -4.850231336999968, 43.126122775000056 ], [ -4.844289823999929, 43.121401154000068 ], [ -4.837119187999974, 43.115702769000052 ], [ -4.835964976999946, 43.110596097000041 ], [ -4.835626231999925, 43.109097357000053 ], [ -4.833284502999959, 43.102629169000068 ], [ -4.828481678999935, 43.100883310000029 ], [ -4.821185280999941, 43.098231019000025 ], [ -4.819294391999961, 43.096247041000026 ], [ -4.816310323999971, 43.093116065000061 ], [ -4.796809555999971, 43.086908207000079 ], [ -4.796401081999932, 43.086778174000074 ], [ -4.792713611999943, 43.085604308000029 ], [ -4.766838324999981, 43.074691065000025 ], [ -4.765893560999928, 43.063872974000049 ], [ -4.765212750999979, 43.056077299000037 ], [ -4.756289892999973, 43.055704563000063 ], [ -4.744007000999943, 43.055191468000032 ], [ -4.734648902999936, 43.047028074000025 ], [ -4.739068633999977, 43.036451317000058 ], [ -4.742525139999941, 43.028179631000057 ], [ -4.737845317999927, 43.020944025000063 ], [ -4.721283033999953, 43.018300233000048 ], [ -4.716243884999926, 43.020638453000061 ], [ -4.705575086999943, 43.025588893000076 ], [ -4.68595069099996, 43.026174144000038 ], [ -4.672487113999978, 43.021318545000042 ], [ -4.652253335999944, 43.020840768000028 ], [ -4.649065132999965, 43.019688150000036 ], [ -4.644241001999944, 43.017944102000058 ], [ -4.641053793999959, 43.016791844000068 ], [ -4.638913342999956, 43.017944102000058 ], [ -4.624221382999963, 43.025853152000025 ], [ -4.606438587999946, 43.035426077000068 ], [ -4.597975460999976, 43.030527967000069 ], [ -4.590099557999963, 43.025969718000056 ], [ -4.575888032999956, 43.026460454000073 ], [ -4.57365064499993, 43.026537713000039 ], [ -4.571689256999946, 43.025687228000038 ], [ -4.558950511999967, 43.020163531000037 ], [ -4.536032130999956, 43.03647761700006 ], [ -4.521314252999957, 43.046954304000053 ], [ -4.506658662999939, 43.041856565000046 ], [ -4.496419929999945, 43.038295167000058 ], [ -4.47682156999997, 43.038968741000076 ], [ -4.471649104999926, 43.049580218000074 ], [ -4.470855470999936, 43.051208383000073 ], [ -4.46206888599994, 43.060988965000035 ], [ -4.456155447999947, 43.057128595000052 ], [ -4.445457438999938, 43.057084324000073 ], [ -4.440426023999976, 43.053030350000029 ], [ -4.431202273999929, 43.045598478000045 ], [ -4.419446603999972, 43.042276293000043 ], [ -4.404185756999937, 43.037963535000074 ], [ -4.39762796399998, 43.034061013000041 ], [ -4.391595572999961, 43.025120637000043 ], [ -4.386753308999971, 43.017944102000058 ], [ -4.38552597599994, 43.016125118000048 ], [ -4.376951086999952, 43.007977992000065 ], [ -4.373410630999956, 42.996259042000077 ], [ -4.362908017999928, 42.984867167000061 ], [ -4.345723817999954, 42.972080960000028 ], [ -4.281098716999963, 42.966767883000045 ], [ -4.26424936799998, 42.965382633000047 ], [ -4.238323642999944, 42.954154861000063 ], [ -4.23875351199996, 42.946003411000049 ], [ -4.238357968999935, 42.93931284100006 ], [ -4.237143403999937, 42.918768584000077 ], [ -4.228189997999948, 42.913037572000064 ], [ -4.223507059999974, 42.910040056000071 ], [ -4.226570281999955, 42.906683531000056 ], [ -4.229831851999961, 42.903109667000081 ], [ -4.230633261999969, 42.896636987000079 ], [ -4.224291186999949, 42.879921564000028 ], [ -4.224770581999962, 42.858104852000054 ], [ -4.218582991999938, 42.85032698200007 ], [ -4.209872885999971, 42.845266406000064 ], [ -4.199473576999935, 42.845197392000046 ], [ -4.190096191999942, 42.851857962000054 ], [ -4.181299226999954, 42.858106272000043 ], [ -4.17298571799995, 42.858868057000052 ], [ -4.168737588999932, 42.859257323000065 ], [ -4.163211052999941, 42.862872700000025 ], [ -4.150117996999938, 42.871437981000042 ], [ -4.146069953999927, 42.863469138000028 ], [ -4.145850175999954, 42.86303649000007 ], [ -4.139239427999939, 42.860683360000053 ], [ -4.127346572999954, 42.856450037000059 ], [ -4.128136131999952, 42.846252483000058 ], [ -4.136112312999956, 42.840049366000073 ], [ -4.142647926999928, 42.829969093000045 ], [ -4.148104682999929, 42.830240691000029 ], [ -4.153313831999981, 42.833957398000052 ], [ -4.157606880999936, 42.837020472000063 ], [ -4.165847137999947, 42.828811943000062 ], [ -4.178730929999972, 42.826129437000077 ], [ -4.165370241999938, 42.821040846000074 ], [ -4.164252258999966, 42.820615048000036 ], [ -4.161869889999934, 42.815729330000067 ], [ -4.167521594999926, 42.814139952000062 ], [ -4.173351742999955, 42.81250039300005 ], [ -4.182567036999956, 42.818189719000031 ], [ -4.18240018299997, 42.812328682000043 ], [ -4.152767094999945, 42.791843408000034 ], [ -4.125688712999931, 42.793805320000047 ], [ -4.121183334999955, 42.79413174900003 ], [ -4.118836975999955, 42.793778320000058 ], [ -4.101254517999962, 42.791129896000029 ], [ -4.095239889999959, 42.776879664000035 ], [ -4.088300942999979, 42.772492990000046 ], [ -4.085113536999927, 42.770477970000059 ], [ -4.081458444999953, 42.761623086000043 ], [ -4.071931621999966, 42.760675940000056 ], [ -4.062610567999968, 42.762404479000054 ], [ -4.054483176999952, 42.763395598000045 ], [ -4.046112058999938, 42.766800411000077 ], [ -4.049736940999935, 42.774396998000043 ], [ -4.04879361299993, 42.781676754000046 ], [ -4.041753608999954, 42.78935819000003 ], [ -4.041093568999941, 42.789207515000044 ], [ -4.033487758999968, 42.787471250000067 ], [ -4.029947267999944, 42.789386237000031 ], [ -4.032106179999971, 42.799770415000069 ], [ -4.032266800999935, 42.800542989000064 ], [ -4.030815237999946, 42.80128766200005 ], [ -4.016477631999976, 42.808643060000065 ], [ -4.018510946999925, 42.815748924000047 ], [ -4.019747046999953, 42.820068744000025 ], [ -4.011656745999971, 42.829347785000039 ], [ -4.005610123999929, 42.830987944000071 ], [ -4.001323135999939, 42.827663157000075 ], [ -4.000852903999942, 42.817884800000058 ], [ -4.000476055999968, 42.810048335000033 ], [ -4.000005864999935, 42.80884659700007 ], [ -3.997090817999947, 42.801396182000076 ], [ -3.996277331999977, 42.785330083000076 ], [ -3.999670106999929, 42.768932449000033 ], [ -3.996996103999948, 42.768345092000061 ], [ -3.996482597999943, 42.768391278000081 ], [ -3.994578812999976, 42.768562510000038 ], [ -3.990683677999925, 42.770939027000054 ], [ -3.987962227999958, 42.770546003000049 ], [ -3.98378341199998, 42.768367457000068 ], [ -3.981605851999973, 42.768261131000031 ], [ -3.981134330999964, 42.765785471000072 ], [ -3.980367739999963, 42.761760591000041 ], [ -3.978901881999946, 42.758033904000058 ], [ -3.965713662999974, 42.758552419000068 ], [ -3.957547606999981, 42.761780950000059 ], [ -3.956565914999942, 42.762169072000063 ], [ -3.953273211999942, 42.761650200000076 ], [ -3.952498472999935, 42.761528115000033 ], [ -3.946600582999963, 42.761863628000071 ], [ -3.946880753999949, 42.765441009000028 ], [ -3.947104165999974, 42.768293655000036 ], [ -3.931799939999962, 42.77363265200006 ], [ -3.927853597999956, 42.771670497000059 ], [ -3.92359696699998, 42.769554064000033 ], [ -3.911124082999947, 42.769248452000056 ], [ -3.91026226699995, 42.776144364000061 ], [ -3.909020950999945, 42.786076876000038 ], [ -3.900442563999945, 42.79042613200005 ], [ -3.90040907499997, 42.790443111000059 ], [ -3.900361648999933, 42.790543815000035 ], [ -3.894280692999928, 42.803456044000029 ], [ -3.879791286999932, 42.79558422100007 ], [ -3.863678332999939, 42.786830354000074 ], [ -3.853679746999944, 42.787963279000053 ], [ -3.829498321999949, 42.798882111000069 ], [ -3.823618757999952, 42.799876236000046 ], [ -3.816232287999981, 42.813271439000061 ], [ -3.81861848099993, 42.82409520200008 ], [ -3.819236416999956, 42.826898158000063 ], [ -3.818065661999981, 42.833247050000068 ], [ -3.817522905999965, 42.836190361000035 ], [ -3.820930411999939, 42.839843181000049 ], [ -3.834265293999977, 42.854138068000054 ], [ -3.830087115999959, 42.860926624000058 ], [ -3.825374443999976, 42.868583606000072 ], [ -3.838380986999937, 42.879060749000075 ], [ -3.861843286999942, 42.887278779000042 ], [ -3.871777424999948, 42.875772970000071 ], [ -3.871368589999975, 42.870323717000076 ], [ -3.870502687999931, 42.858782334000068 ], [ -3.874445916999946, 42.853607844000067 ], [ -3.882490652999934, 42.852914346000034 ], [ -3.912271910999948, 42.862944987000049 ], [ -3.904888896999978, 42.871164513000053 ], [ -3.900046863999933, 42.876555160000066 ], [ -3.894706601999928, 42.889022440000076 ], [ -3.89787436599994, 42.897653329000036 ], [ -3.900942587999964, 42.906013009000048 ], [ -3.890154648999953, 42.903491940000038 ], [ -3.886463993999939, 42.902629458000035 ], [ -3.862394923999943, 42.902028631000064 ], [ -3.858980938999935, 42.906688286000076 ], [ -3.851433533999966, 42.916989532000059 ], [ -3.843818603999978, 42.917486100000076 ], [ -3.838908658999969, 42.917806277000068 ], [ -3.832721848999938, 42.921810796000045 ], [ -3.832311876999938, 42.930181128000072 ], [ -3.840764695999951, 42.940645582000059 ], [ -3.849882775999959, 42.946003411000049 ], [ -3.866525379999928, 42.954220540000051 ], [ -3.871037049999927, 42.950330743000052 ], [ -3.872513049999952, 42.949058189000027 ], [ -3.878100762999964, 42.947868283000048 ], [ -3.881474630999946, 42.948194904000047 ], [ -3.887383448999969, 42.948766932000069 ], [ -3.886994219999963, 42.946003411000049 ], [ -3.889192483999977, 42.936813419000032 ], [ -3.891823513999952, 42.925814216000049 ], [ -3.898037982999938, 42.925041314000055 ], [ -3.910219540999947, 42.923526276000075 ], [ -3.923050836999948, 42.914870698000072 ], [ -3.925367322999932, 42.908533524000063 ], [ -3.92654648599995, 42.905307705000041 ], [ -3.933080300999961, 42.90061312000006 ], [ -3.93697008099997, 42.905378288000065 ], [ -3.936914832999946, 42.905477180000048 ], [ -3.933716581999931, 42.911201910000045 ], [ -3.945418907999965, 42.909433092000029 ], [ -3.961769317999938, 42.910696693000034 ], [ -3.973274189999927, 42.911585819000038 ], [ -3.987545814999976, 42.926071603000025 ], [ -3.989792676999969, 42.933412459000067 ], [ -3.983391259999962, 42.946003411000049 ], [ -3.98130918499993, 42.951999965000027 ], [ -3.980270348999966, 42.954006086000049 ], [ -3.97815671799998, 42.96045863900008 ], [ -3.974126234999972, 42.968276606000074 ], [ -3.972845169999971, 42.97025807600005 ], [ -3.972587958999952, 42.972251177000032 ], [ -3.971764880999956, 42.974577110000041 ], [ -3.969700194999973, 42.976515991000042 ], [ -3.966393899999957, 42.983703493000064 ], [ -3.960838625999941, 42.992397088000075 ], [ -3.956087950999972, 42.997962375000043 ], [ -3.945017856999925, 43.006492157000025 ], [ -3.921238121999977, 43.013021601000048 ], [ -3.909935347999976, 43.016125118000048 ], [ -3.908517542999959, 43.017944102000058 ], [ -3.902349494999953, 43.025857447000078 ], [ -3.891108741999972, 43.040278861000047 ], [ -3.878176766999957, 43.04248696500008 ], [ -3.861709781999934, 43.04273200800003 ], [ -3.859372751999956, 43.041929047000053 ], [ -3.851115095999944, 43.039091868000071 ], [ -3.849744059999978, 43.044885041000043 ], [ -3.849012984999945, 43.047974124000064 ], [ -3.845649133999927, 43.050244607000025 ], [ -3.836552059999974, 43.056384817000037 ], [ -3.834098726999969, 43.061334704000046 ], [ -3.839166988999978, 43.066070173000071 ], [ -3.849779928999965, 43.07598624600007 ], [ -3.84698522399998, 43.084339147000037 ], [ -3.834674814999971, 43.08221252900006 ], [ -3.82509325999996, 43.080557319000036 ], [ -3.820147824999935, 43.082497669000077 ], [ -3.810970927999961, 43.086098241000059 ], [ -3.802139204999946, 43.082851148000032 ], [ -3.789908792999938, 43.078354485000034 ], [ -3.760583056999963, 43.08345786700005 ], [ -3.758008827999959, 43.086778174000074 ], [ -3.758739233999961, 43.090685439000026 ], [ -3.75910973799995, 43.092667433000031 ], [ -3.756044643999928, 43.098917462000031 ], [ -3.748136921999958, 43.102268542000047 ], [ -3.737957598999969, 43.104411654000046 ], [ -3.719248381999932, 43.108350614000074 ], [ -3.71477112599996, 43.11288804000003 ], [ -3.71419020899998, 43.11347676400004 ], [ -3.708227583999928, 43.115616369000065 ], [ -3.704951215999927, 43.116792048000036 ], [ -3.703810505999968, 43.120244465000042 ], [ -3.70279986099996, 43.123303234000048 ], [ -3.697203694999928, 43.127166905000081 ], [ -3.685349832999975, 43.135350975000051 ], [ -3.682014905999949, 43.14308131100006 ], [ -3.677086633999977, 43.154505007000068 ], [ -3.669239132999962, 43.157407139000043 ], [ -3.660400256999935, 43.16844521400003 ], [ -3.656068224999956, 43.170267548000027 ], [ -3.654523420999965, 43.170917393000025 ], [ -3.654679653999949, 43.171722456000055 ], [ -3.655650345999959, 43.176724413000045 ], [ -3.646643827999981, 43.179067930000031 ], [ -3.613254693999977, 43.169560159000071 ], [ -3.607142327999952, 43.162444803000028 ], [ -3.605568725999944, 43.158193707000066 ], [ -3.602752682999949, 43.150586152000074 ], [ -3.59693157199996, 43.151864792000026 ], [ -3.586455177999937, 43.15416599100007 ], [ -3.574591937999969, 43.153008521000061 ], [ -3.543454741999938, 43.14781096400003 ], [ -3.512887785999965, 43.137412510000047 ], [ -3.508912109999926, 43.136060040000075 ], [ -3.48999626899996, 43.133836144000043 ], [ -3.482173025999941, 43.134484186000066 ], [ -3.461663549999969, 43.136183097000071 ], [ -3.452594096999974, 43.13394899900004 ], [ -3.445094448999953, 43.132101595000051 ], [ -3.417607936999957, 43.133315977000052 ], [ -3.387731125999949, 43.14091208800005 ], [ -3.368888907999974, 43.150972323000076 ], [ -3.350421680999943, 43.154211344000032 ], [ -3.344768076999969, 43.161663117000046 ], [ -3.34120134799997, 43.166364270000031 ], [ -3.333336790999965, 43.166111839000052 ], [ -3.332391457999961, 43.166081496000061 ], [ -3.310538544999929, 43.172350326000071 ], [ -3.302819693999936, 43.177988199000026 ], [ -3.296544501999961, 43.182571619000043 ], [ -3.278798346999963, 43.189908206000041 ], [ -3.278148731999977, 43.194370574000061 ], [ -3.258369885999969, 43.19528676300007 ], [ -3.256109034999952, 43.195391489000031 ], [ -3.255810671999939, 43.195744619000038 ], [ -3.253273609999951, 43.198747381000032 ], [ -3.239957109999978, 43.187592794000068 ], [ -3.235539216999939, 43.182099719000064 ], [ -3.233142185999952, 43.179119323000066 ], [ -3.223230821999948, 43.172708930000056 ], [ -3.21613539599997, 43.173951143000068 ], [ -3.214335804999962, 43.174266202000069 ], [ -3.208528356999977, 43.178489471000034 ], [ -3.199940176999974, 43.171916036000027 ], [ -3.19926229999993, 43.171397186000036 ], [ -3.186985389999961, 43.169593900000052 ], [ -3.183668239999975, 43.171960101000025 ], [ -3.179083755999955, 43.175230322000061 ], [ -3.175557707999928, 43.175445578000051 ], [ -3.174091351999948, 43.177311099000065 ], [ -3.171529222999936, 43.177162500000065 ], [ -3.168073095999944, 43.178527918000043 ], [ -3.164761307999925, 43.177692427000068 ], [ -3.163011768999979, 43.176856925000038 ], [ -3.161007514999937, 43.177841024000031 ], [ -3.158006377999925, 43.177974324000047 ], [ -3.156171434999976, 43.177146839000045 ], [ -3.154214127999978, 43.176914107000073 ], [ -3.150468825999951, 43.174454156000081 ], [ -3.148292264999952, 43.17400105300004 ], [ -3.142235549999953, 43.166717809000033 ], [ -3.141839496999978, 43.16113650300008 ], [ -3.150024164999934, 43.160339415000067 ], [ -3.162326969999981, 43.153270866000071 ], [ -3.165847658999951, 43.147536321000075 ], [ -3.164133944999946, 43.144113914000059 ], [ -3.162944526999979, 43.141738565000026 ], [ -3.170633364999958, 43.13234056500005 ], [ -3.18119612299995, 43.119429799000045 ], [ -3.171083259999932, 43.110491510000031 ], [ -3.153745914999945, 43.104978346000053 ], [ -3.152605532999928, 43.10540779400003 ], [ -3.141463102999978, 43.10960383500003 ], [ -3.133973312999956, 43.097179378000078 ], [ -3.14438549099998, 43.086778174000074 ], [ -3.147103195999932, 43.084063333000074 ], [ -3.157112674999951, 43.074064405000058 ], [ -3.150290060999964, 43.070946056000025 ], [ -3.141148872999963, 43.066767979000076 ], [ -3.146546807999925, 43.035202017000074 ], [ -3.14658521299998, 43.034977431000073 ], [ -3.146613080999941, 43.034814465000068 ], [ -3.143474182999967, 43.028639144000067 ], [ -3.154634375999933, 43.028592333000063 ], [ -3.168837289999942, 43.028532759000029 ], [ -3.17783415699995, 43.021934650000048 ], [ -3.171288258999937, 43.017944102000058 ], [ -3.169874061999963, 43.016125118000048 ], [ -3.145645458999979, 43.007272851000039 ], [ -3.136977514999955, 43.007453979000047 ], [ -3.126052283999968, 43.007682275000036 ], [ -3.089153542999952, 43.001503659000036 ], [ -3.076444395999943, 43.007725622000066 ], [ -3.062380551999979, 43.003358917000071 ], [ -3.059080607999931, 42.997281602000044 ], [ -3.043067727999926, 42.984047458000077 ], [ -3.037527900999976, 42.982438954000031 ], [ -3.042844689999924, 42.971087278000027 ], [ -3.025905576999946, 42.96260376500004 ], [ -3.022680347999938, 42.960988493000059 ], [ -3.021756254999957, 42.96052568500005 ], [ -3.021749045999968, 42.960491563000062 ], [ -3.020920513999954, 42.956569935000061 ], [ -3.011828242999968, 42.952679851000028 ], [ -3.006868549999979, 42.952551530000051 ], [ -2.996081880999952, 42.952272450000066 ], [ -2.98141878399997, 42.939877043000081 ], [ -2.985150101999977, 42.936279557000034 ], [ -2.987858066999934, 42.935404925000057 ], [ -2.991671845999974, 42.935200404000057 ], [ -2.992092321999962, 42.935177855000063 ], [ -2.992727800999944, 42.934304516000054 ], [ -2.997483986999953, 42.92776808900004 ], [ -3.000432088999958, 42.92776808900004 ], [ -3.001511959999959, 42.92776808900004 ], [ -3.004451751999966, 42.92776808900004 ], [ -3.013361198999974, 42.919983868000031 ], [ -3.014620725999976, 42.915730248000045 ], [ -3.016167340999971, 42.910507087000042 ], [ -3.025905576999946, 42.907821954000042 ], [ -3.033163775999981, 42.905820644000073 ], [ -3.059193542999935, 42.90195622400006 ], [ -3.068746963999956, 42.902946476000068 ], [ -3.070323218999931, 42.903109861000075 ], [ -3.076020599999936, 42.901876583000046 ], [ -3.089547101999926, 42.89894858200006 ], [ -3.093090066999935, 42.901559253000073 ], [ -3.104694126999959, 42.910109828000031 ], [ -3.111207539999953, 42.90625323900008 ], [ -3.117562322999959, 42.905852352000068 ], [ -3.125874558999953, 42.905327981000028 ], [ -3.131814021999958, 42.910818382000059 ], [ -3.13386385299998, 42.912713232000044 ], [ -3.138187990999938, 42.914197909000052 ], [ -3.148173190999955, 42.917626290000044 ], [ -3.148354695999956, 42.922408330000053 ], [ -3.148709353999948, 42.931752353000036 ], [ -3.151361060999932, 42.936136519000058 ], [ -3.180766369999958, 42.944080013000075 ], [ -3.208421929999929, 42.945065746000068 ], [ -3.212432613999965, 42.94520870000008 ], [ -3.214880432999962, 42.946011650000059 ], [ -3.223334018999935, 42.94878465000005 ], [ -3.234099181999966, 42.943379565000043 ], [ -3.235996814999964, 42.935002968000049 ], [ -3.245432473999927, 42.923960969000063 ], [ -3.248154987999953, 42.916241986000045 ], [ -3.249586053999963, 42.912184567000054 ], [ -3.261364411999978, 42.90752350300005 ], [ -3.275851861999968, 42.901790366000057 ], [ -3.276425102999951, 42.895189411000047 ], [ -3.277074174999939, 42.887715246000027 ], [ -3.280187459999979, 42.886877071000072 ], [ -3.286797538999963, 42.885097472000041 ], [ -3.282640197999967, 42.875465653000049 ], [ -3.26915880699994, 42.864048107000031 ], [ -3.253641197999968, 42.852771611000037 ], [ -3.236791082999957, 42.837886897000033 ], [ -3.227687784999944, 42.832043058000068 ], [ -3.225871320999943, 42.830070327000044 ], [ -3.217000262999932, 42.826469362000068 ], [ -3.205563579999932, 42.827354330000048 ], [ -3.214340841999956, 42.833719603000077 ], [ -3.220875993999925, 42.838458897000066 ], [ -3.210219749999965, 42.844174287000044 ], [ -3.190938425999946, 42.86831705600008 ], [ -3.183573830999933, 42.86387854700007 ], [ -3.173486909999951, 42.857799341000032 ], [ -3.164151094999966, 42.856881478000048 ], [ -3.151167061999956, 42.860997259000044 ], [ -3.138750458999937, 42.871246546000066 ], [ -3.138415412999962, 42.872292303000052 ], [ -3.136631697999974, 42.877859692000072 ], [ -3.12436725699996, 42.891064148000055 ], [ -3.116623208999954, 42.88951191700005 ], [ -3.114116576999947, 42.885136701000079 ], [ -3.112398342999938, 42.882137599000032 ], [ -3.110992225999951, 42.881443292000029 ], [ -3.105987933999927, 42.878972290000036 ], [ -3.114501468999947, 42.859639807000065 ], [ -3.123316812999974, 42.849641200000065 ], [ -3.124037654999938, 42.849623720000068 ], [ -3.127944568999965, 42.849528977000034 ], [ -3.131668331999947, 42.839105625000059 ], [ -3.131725789999962, 42.838944793000053 ], [ -3.131813312999952, 42.838905785000065 ], [ -3.141043073999981, 42.834792140000047 ], [ -3.147999669999933, 42.821974250000039 ], [ -3.149293591999935, 42.814811041000041 ], [ -3.149695633999954, 42.81258531800006 ], [ -3.152803390999964, 42.80997314800004 ], [ -3.159259473999953, 42.804546604000052 ], [ -3.131767157999946, 42.790295740000033 ], [ -3.130130018999978, 42.790100504000065 ], [ -3.123284291999937, 42.789284123000073 ], [ -3.131335268999976, 42.777221757000063 ], [ -3.142848267999966, 42.759972422000033 ], [ -3.13129631299995, 42.757645564000029 ], [ -3.115785130999939, 42.759759535000057 ], [ -3.11336863799994, 42.760789929000055 ], [ -3.099271094999949, 42.766801127000065 ], [ -3.08921371699995, 42.76124033800005 ], [ -3.084266806999949, 42.758505160000027 ], [ -3.083073953999929, 42.76135482400008 ], [ -3.080804899999976, 42.766775479000046 ], [ -3.068847079999955, 42.761620109000035 ], [ -3.067083251999975, 42.760859670000059 ], [ -3.060891854999966, 42.761768447000065 ], [ -3.060370800999976, 42.761844928000073 ], [ -3.057706286999974, 42.762891424000031 ], [ -3.047967608999954, 42.764039529000058 ], [ -3.048551697999926, 42.756977653000035 ], [ -3.049034221999932, 42.751143737000064 ], [ -3.040763274999961, 42.738494005000064 ], [ -3.032921134999981, 42.73721161900005 ], [ -3.025905576999946, 42.738586191000024 ], [ -3.024738347999971, 42.738814888000036 ], [ -3.017192473999955, 42.74029336500007 ], [ -3.016292839999949, 42.737464865000049 ], [ -3.015081467999948, 42.733656246000066 ], [ -3.008673337999937, 42.732537820000061 ], [ -3.006393316999947, 42.73213988200007 ], [ -3.007154549999939, 42.73117301800005 ], [ -3.009754855999972, 42.727870297000038 ], [ -3.007575048999968, 42.724009150000029 ], [ -2.995357604999981, 42.720572139000069 ], [ -2.989840608999941, 42.719020097000055 ], [ -2.98814291399998, 42.714088928000081 ], [ -2.986361428999942, 42.708914379000078 ], [ -2.981227573999945, 42.704516024000043 ], [ -2.974636026999974, 42.707457960000056 ], [ -2.972933975999979, 42.708217619000038 ], [ -2.947010845999955, 42.709653181000078 ], [ -2.931258136999929, 42.707787198000062 ], [ -2.92977637499996, 42.704026801000055 ], [ -2.928441477999968, 42.700639116000048 ], [ -2.913575606999927, 42.696347625000044 ], [ -2.905417459999967, 42.693992525000056 ], [ -2.902341379999939, 42.684370281000042 ], [ -2.895054573999971, 42.679312672000037 ], [ -2.896618321999938, 42.676803393000057 ], [ -2.898638184999925, 42.668919202000041 ], [ -2.899331281999935, 42.66621381300007 ], [ -2.895264167999926, 42.653857859000027 ], [ -2.870573151999963, 42.639552637000065 ], [ -2.859007472999963, 42.638665614000047 ], [ -2.858067526999946, 42.63838417900007 ], [ -2.864608487999931, 42.633404367000026 ], [ -2.877570016999925, 42.629716454000061 ], [ -2.882516417999966, 42.62485915700006 ], [ -2.882169014999931, 42.62069308000008 ], [ -2.892588638999939, 42.621541628000045 ], [ -2.891646209999976, 42.626069888000075 ], [ -2.893167417999962, 42.626605891000054 ], [ -2.895308975999967, 42.627360477000025 ], [ -2.903631261999976, 42.625947555000039 ], [ -2.904058530999976, 42.622951217000036 ], [ -2.904461031999972, 42.620128575000081 ], [ -2.908727749999969, 42.620479553000052 ], [ -2.910985719999928, 42.619732022000051 ], [ -2.913142801999925, 42.620033388000024 ], [ -2.916035559999955, 42.61948394500007 ], [ -2.920520034999925, 42.620425896000029 ], [ -2.924224382999967, 42.621697121000068 ], [ -2.93025221299996, 42.629697574000033 ], [ -2.933487344999946, 42.633991411000068 ], [ -2.945023856999967, 42.638645522000047 ], [ -2.969826975999979, 42.640763306000053 ], [ -2.973606329999939, 42.638808811000047 ], [ -2.977935687999945, 42.63656988200006 ], [ -2.984055754999929, 42.636002069000028 ], [ -2.987181263999958, 42.638764331000061 ], [ -2.990665760999946, 42.641843859000062 ], [ -3.004780601999926, 42.644230132000075 ], [ -3.014393864999931, 42.639527448000081 ], [ -3.014814983999941, 42.638673786000027 ], [ -3.018037743999969, 42.632140836000076 ], [ -3.022293973999979, 42.633835110000064 ], [ -3.025905576999946, 42.636443152000027 ], [ -3.03494216699994, 42.638607837000052 ], [ -3.040812219999964, 42.640013988000078 ], [ -3.050805020999974, 42.640148089000036 ], [ -3.058510385999966, 42.639648424000029 ], [ -3.065002109999966, 42.639644382000029 ], [ -3.06938020399997, 42.638740566000081 ], [ -3.077735838999956, 42.639347153000074 ], [ -3.084177619999934, 42.640652159000069 ], [ -3.082155608999926, 42.631438435000064 ], [ -3.083876440999973, 42.628061363000029 ], [ -3.078215800999942, 42.623695600000076 ], [ -3.077573591999965, 42.623408386000051 ], [ -3.070519538999974, 42.620253614000035 ], [ -3.061035453999978, 42.602156800000046 ], [ -3.064813026999957, 42.594690462000074 ], [ -3.059853879999935, 42.589157139000065 ], [ -3.068270208999934, 42.588615249000043 ], [ -3.068415912999967, 42.588605868000059 ], [ -3.086220829999945, 42.582179999000061 ], [ -3.083913395999957, 42.576158818000067 ], [ -3.083141797999929, 42.574145356000031 ], [ -3.088305992999949, 42.567073549000042 ], [ -3.100438596999936, 42.560633400000029 ], [ -3.106677273999935, 42.553385831000071 ], [ -3.118751381999971, 42.54841785900004 ], [ -3.134294452999939, 42.542022559000031 ], [ -3.126135818999956, 42.533838007000043 ], [ -3.109016793999956, 42.529459260000067 ], [ -3.104959906999966, 42.532071887000029 ], [ -3.09994938899996, 42.535298649000026 ], [ -3.089395493999973, 42.537574974000051 ], [ -3.084183113999927, 42.535285982000062 ], [ -3.082916956999952, 42.532168040000045 ], [ -3.072901287999969, 42.528244366000081 ], [ -3.076116154999966, 42.520164496000064 ], [ -3.074461758999973, 42.512341072000027 ], [ -3.078300205999938, 42.50121314300003 ], [ -3.085874125999965, 42.495523078000076 ], [ -3.093814446999943, 42.489557747000049 ], [ -3.090445095999939, 42.477855399000077 ], [ -3.082801661999952, 42.475918182000044 ], [ -3.076196533999962, 42.475839423000025 ], [ -3.07284816899994, 42.475799498000072 ], [ -3.064230474999931, 42.470920337000052 ], [ -3.061011082999926, 42.46195990800004 ], [ -3.055288496999935, 42.455776644000025 ], [ -3.050300586999981, 42.45156507300004 ], [ -3.046025377999968, 42.445125379000046 ], [ -3.051933952999946, 42.438017975000037 ], [ -3.062498882999932, 42.425309458000072 ], [ -3.057883251999954, 42.415941408000037 ], [ -3.063378039999975, 42.402563490000034 ], [ -3.058785517999979, 42.389446866000071 ], [ -3.053164876999972, 42.373393847000045 ], [ -3.057717773999968, 42.370098114000029 ], [ -3.060278903999972, 42.370754175000059 ], [ -3.061968509999929, 42.372031961000062 ], [ -3.064436244999968, 42.373317470000075 ], [ -3.075176775999978, 42.390501513000061 ], [ -3.082673305999947, 42.397358346000033 ], [ -3.080070533999958, 42.40238484300005 ], [ -3.079959346999942, 42.402599568000028 ], [ -3.07894198799994, 42.405899126000065 ], [ -3.078201317999969, 42.415721910000059 ], [ -3.090377670999942, 42.422344174000045 ], [ -3.100556729999937, 42.41586215600006 ], [ -3.097983320999958, 42.408354779000035 ], [ -3.096366882999973, 42.403639162000047 ], [ -3.098755898999968, 42.398219662000031 ], [ -3.104415937999931, 42.385379822000061 ], [ -3.094972831999939, 42.384975881000059 ], [ -3.084664604999944, 42.384534934000044 ], [ -3.07083257599993, 42.369449426000074 ], [ -3.063840583999934, 42.362452547000032 ], [ -3.065119688999971, 42.356036459000052 ], [ -3.084426279999946, 42.354106453000043 ], [ -3.107424017999961, 42.351807456000074 ], [ -3.109561171999928, 42.346175995000067 ], [ -3.109746965999932, 42.338342080000075 ], [ -3.105061730999978, 42.333982430000049 ], [ -3.096822680999935, 42.326315926000063 ], [ -3.103108417999977, 42.320012271000053 ], [ -3.103942119999942, 42.319176193000033 ], [ -3.106068420999975, 42.312726958000042 ], [ -3.099885085999972, 42.296958893000067 ], [ -3.096479009999939, 42.288273088000039 ], [ -3.095572721999929, 42.279098688000033 ], [ -3.089642994999963, 42.273025340000061 ], [ -3.09538985699993, 42.264808858000038 ], [ -3.096821444999932, 42.262762069000075 ], [ -3.094298918999925, 42.257006432000026 ], [ -3.089629163999973, 42.246351470000036 ], [ -3.097985268999935, 42.236917482000081 ], [ -3.099678208999933, 42.235154802000068 ], [ -3.102504579999959, 42.232211999000072 ], [ -3.101999649999925, 42.230817645000059 ], [ -3.09971128799998, 42.224498382000036 ], [ -3.101486221999949, 42.217129055000044 ], [ -3.11340162099998, 42.209515294000028 ], [ -3.12841197399996, 42.199923904000059 ], [ -3.126412247999951, 42.194556754000075 ], [ -3.11702784299996, 42.188555487000031 ], [ -3.115589386999943, 42.187635604000036 ], [ -3.115495824999925, 42.186255908000078 ], [ -3.114989088999948, 42.178783407000026 ], [ -3.107801540999958, 42.174706685000046 ], [ -3.102788242999964, 42.171863181000049 ], [ -3.090489809999951, 42.159484945000031 ], [ -3.090097189999938, 42.148132218000057 ], [ -3.090058512999974, 42.147013859000026 ], [ -3.083832006999955, 42.133438083000044 ], [ -3.076721880999969, 42.13511460400008 ], [ -3.073670894999964, 42.135834007000028 ], [ -3.066190278999954, 42.133308451000062 ], [ -3.059151167999971, 42.127109503000042 ], [ -3.052554560999965, 42.118697951000058 ], [ -3.049269741999979, 42.112781005000045 ], [ -3.045426597999949, 42.105849827000043 ], [ -3.034389917999931, 42.085944979000033 ], [ -3.025905576999946, 42.088158125000064 ], [ -3.022897597999929, 42.08894275800003 ], [ -3.00483305399996, 42.083739743000081 ], [ -2.992458028999977, 42.086983366000027 ], [ -2.991881828999965, 42.087134394000032 ], [ -2.990037198999971, 42.086751549000041 ], [ -2.976872123999954, 42.084019197000032 ], [ -2.969453850999969, 42.084780505000026 ], [ -2.958663286999979, 42.085887898000067 ], [ -2.938854463999974, 42.089257455000052 ], [ -2.932197347999931, 42.086905248000051 ], [ -2.915647786999955, 42.039522577000071 ], [ -2.913637747999928, 42.022838568000054 ], [ -2.891191902999935, 42.016994684000053 ], [ -2.890393443999926, 42.014942505000079 ], [ -2.888686522999933, 42.01055542000006 ], [ -2.878472657999964, 42.011387390000039 ], [ -2.861732210999946, 42.020081076000054 ], [ -2.858105952999949, 42.025501960000042 ], [ -2.855793759999926, 42.02895845200004 ], [ -2.844649064999942, 42.034457953000071 ], [ -2.824408800999947, 42.04037564500004 ], [ -2.818340349999971, 42.03857972600008 ], [ -2.813116282999943, 42.037033698000073 ], [ -2.809641662999979, 42.040553664000072 ], [ -2.804800257999943, 42.04545825200006 ], [ -2.80320443599993, 42.045779885000059 ], [ -2.797999845999925, 42.046828853000079 ], [ -2.795518372999936, 42.065928983000049 ], [ -2.798859834999973, 42.072604268000077 ], [ -2.802515341999936, 42.079906926000035 ], [ -2.798135453999976, 42.085249609000073 ], [ -2.79138719499997, 42.093481284000063 ], [ -2.791516780999928, 42.101899222000043 ], [ -2.791621993999968, 42.10873392700006 ], [ -2.786690938999925, 42.112674097000081 ], [ -2.772233196999935, 42.124226585000031 ], [ -2.765870891999953, 42.124690979000036 ], [ -2.760562045999961, 42.12236110300006 ], [ -2.751954590999958, 42.118583578000028 ], [ -2.746935879999967, 42.12267210400006 ], [ -2.745766101999948, 42.123625072000038 ], [ -2.738445089999971, 42.124801040000079 ], [ -2.728963604999933, 42.122676797000054 ], [ -2.707406289999938, 42.105448447000072 ], [ -2.709227018999968, 42.09913681200004 ], [ -2.70992567899998, 42.096714880000036 ], [ -2.70930679199995, 42.093840447000048 ], [ -2.708140705999938, 42.088424540000062 ], [ -2.733763824999926, 42.060332326000037 ], [ -2.738743885999952, 42.049822554000059 ], [ -2.75018304699995, 42.039376173000051 ], [ -2.757598124999959, 42.032604633000062 ], [ -2.748365471999932, 42.011490182000045 ], [ -2.744574401999955, 42.00920732700007 ], [ -2.731462855999951, 42.013122853000027 ], [ -2.72414897699997, 42.015307010000072 ], [ -2.70492743899996, 42.014499144000069 ], [ -2.697188718999939, 42.009114437000051 ], [ -2.686585719999925, 42.001736725000058 ], [ -2.673593270999959, 41.998050872000078 ], [ -2.668883260999962, 42.000544425000044 ], [ -2.659802226999943, 42.005352066000057 ], [ -2.656276178999974, 42.005405508000081 ], [ -2.653523263999944, 42.004989476000048 ], [ -2.650028180999925, 42.003780332000076 ], [ -2.645486270999925, 42.004192661000047 ], [ -2.642517597999927, 42.003875342000072 ], [ -2.631363098999941, 42.005389921000074 ], [ -2.626647383999966, 42.006488442000034 ], [ -2.625527506999958, 42.005670103000057 ], [ -2.624481810999953, 42.004905972000074 ], [ -2.621004208999977, 42.004852159000052 ], [ -2.620726022999975, 42.004895453000074 ], [ -2.615118804999952, 42.005768096000054 ], [ -2.610301739999954, 42.003213644000027 ], [ -2.609701874999928, 42.002895541000044 ], [ -2.607338523999942, 42.002391903000046 ], [ -2.602382637999938, 42.001936011000055 ], [ -2.60182320499996, 42.001884549000067 ], [ -2.596619536999981, 42.001929829000062 ], [ -2.594136051999953, 42.000605543000063 ], [ -2.593321732999925, 42.000171318000071 ], [ -2.586882948999971, 41.998489591000066 ], [ -2.579919752999956, 41.996249940000041 ], [ -2.574695977999966, 42.006951034000053 ], [ -2.565077981999934, 42.015277137000055 ], [ -2.551921523999965, 42.039190250000047 ], [ -2.550378701999932, 42.045202548000077 ], [ -2.548865468999963, 42.051099540000052 ], [ -2.54160417099996, 42.053045386000065 ], [ -2.532402504999936, 42.055511201000058 ], [ -2.514890132999938, 42.068847338000069 ], [ -2.515605411999957, 42.075169479000067 ], [ -2.516862479999929, 42.076832824000064 ], [ -2.522040174999972, 42.083683916000041 ], [ -2.518268346999946, 42.090755524000031 ], [ -2.514687859999981, 42.114524914000071 ], [ -2.508524766999926, 42.115424823000069 ], [ -2.496130936999975, 42.111349209000025 ], [ -2.483596010999975, 42.107227196000053 ], [ -2.471093314999962, 42.113988818000053 ], [ -2.458478294999964, 42.116013648000035 ], [ -2.446732108999925, 42.129291538000075 ], [ -2.440360709999936, 42.136493768000037 ], [ -2.401409313999977, 42.139557158000059 ], [ -2.401359150999951, 42.13952570400005 ], [ -2.397223504999943, 42.136932495000053 ], [ -2.390946241999927, 42.140402987000073 ], [ -2.387814473999924, 42.142134439000074 ], [ -2.332158923999941, 42.146007435000058 ], [ -2.314971276999927, 42.143876223000063 ], [ -2.283417426999961, 42.131421012000033 ], [ -2.279947675999949, 42.123511436000058 ], [ -2.280115445999968, 42.119777810000073 ], [ -2.280634627999973, 42.108223707000036 ], [ -2.269596039999954, 42.088539138000044 ], [ -2.258579957999928, 42.088043516000027 ], [ -2.25111562099994, 42.09287768400003 ], [ -2.237184181999964, 42.101900176000072 ], [ -2.225125357999957, 42.099046681000061 ], [ -2.22312597399997, 42.098573564000048 ], [ -2.216612232999978, 42.101067339000053 ], [ -2.208441045999962, 42.104195664000031 ], [ -2.19553637599995, 42.102595904000054 ], [ -2.175615864999941, 42.104751436000072 ], [ -2.148117183999943, 42.104434990000073 ], [ -2.128420223999967, 42.09733312600008 ], [ -2.127320886999939, 42.082017093000047 ], [ -2.134881307999933, 42.075222333000056 ], [ -2.139734754999949, 42.073595432000047 ], [ -2.160666882999976, 42.066578875000062 ], [ -2.158317202999967, 42.055727993000062 ], [ -2.14968278799995, 42.042780810000068 ], [ -2.129025902999956, 42.026703896000072 ], [ -2.125685131999944, 42.02520929700006 ], [ -2.117899303999934, 42.021726063000074 ], [ -2.115810949999968, 42.014873485000066 ], [ -2.114704290999953, 42.011242171000049 ], [ -2.113106234999975, 42.009325689000036 ], [ -2.107633054999951, 42.002761931000066 ], [ -2.108297310999944, 42.001083612000059 ], [ -2.110243628999967, 41.998286934000078 ], [ -2.11210953799997, 41.997005655000066 ], [ -2.118775063999976, 41.995544901000073 ], [ -2.123197946999937, 41.99457562300006 ], [ -2.115146134999975, 41.96608344200007 ], [ -2.114672256999938, 41.962446241000066 ], [ -2.108823578999932, 41.95768659600003 ], [ -2.097823363999964, 41.956262841000068 ], [ -2.080986242999927, 41.954083616000048 ], [ -2.077419925999948, 41.951681618000066 ], [ -2.076215764999972, 41.950870587000054 ], [ -2.075101973999949, 41.951161164000041 ], [ -2.065699113999926, 41.953614275000064 ], [ -2.051253740999925, 41.950854986000024 ], [ -2.045833367999933, 41.949478613000053 ], [ -2.040039135999962, 41.943288438000025 ], [ -2.03639189699993, 41.939391969000042 ], [ -2.034854198999938, 41.943935484000065 ], [ -2.033986321999976, 41.946499842000037 ], [ -2.026940089999925, 41.952134892000061 ], [ -2.019150366999952, 41.946168519000025 ], [ -2.012809016999938, 41.941311496000026 ], [ -2.008776737999938, 41.94029818100006 ], [ -2.002170996999951, 41.938638152000067 ], [ -2.000261962999957, 41.93547975000007 ], [ -1.996344858999976, 41.928999096000041 ], [ -1.98208875499995, 41.919250360000035 ], [ -1.963876934999973, 41.920004562000031 ], [ -1.959645084999977, 41.923019876000069 ], [ -1.954307158999939, 41.926823300000081 ], [ -1.94695076499994, 41.926235535000046 ], [ -1.940318110999954, 41.925705595000068 ], [ -1.927717291999954, 41.931107657000041 ], [ -1.921922390999953, 41.933591973000034 ], [ -1.919681313999945, 41.933143289000043 ], [ -1.91516775499997, 41.932239633000052 ], [ -1.913237047999928, 41.936028520000036 ], [ -1.911402147999979, 41.939629392000029 ], [ -1.90601619399996, 41.943176132000076 ], [ -1.906665783999927, 41.945575449000046 ], [ -1.891484416999958, 41.947676380000075 ], [ -1.890702673999954, 41.947784565000063 ], [ -1.887161226999979, 41.949036534000072 ], [ -1.877591866999978, 41.952419485000064 ], [ -1.866684091999957, 41.95921301900006 ], [ -1.856539460999954, 41.966388323000047 ], [ -1.856965128999946, 41.918356126000049 ], [ -1.85703469799995, 41.910506092000048 ], [ -1.850738522999961, 41.902915505000067 ], [ -1.843843878999962, 41.894603412000038 ], [ -1.839461638999978, 41.889320241000064 ], [ -1.839665614999944, 41.884527261000073 ], [ -1.839966035999964, 41.877468038000075 ], [ -1.839980019999928, 41.875278428000058 ], [ -1.835056037999948, 41.866481673000067 ], [ -1.832125322999957, 41.863319410000031 ], [ -1.827053374999934, 41.863582722000046 ], [ -1.822911353999928, 41.863797757000043 ], [ -1.819181052999966, 41.857026953000059 ], [ -1.819569299999955, 41.828773960000035 ], [ -1.827090464999969, 41.81848434300008 ], [ -1.828563132999932, 41.817832016000068 ], [ -1.834106310999971, 41.81537663000006 ], [ -1.844092220999926, 41.805467990000068 ], [ -1.851801714999965, 41.790425623000033 ], [ -1.843863769999928, 41.786800954000057 ], [ -1.825991696999949, 41.778640106000068 ], [ -1.825253024999938, 41.77351245400007 ], [ -1.821486554999979, 41.766721380000035 ], [ -1.821136637999928, 41.766090468000073 ], [ -1.816669900999955, 41.76239928900003 ], [ -1.803563668999971, 41.751568688000077 ], [ -1.805937230999973, 41.743286559000069 ], [ -1.807939687999976, 41.736299338000038 ], [ -1.798839125999962, 41.732646240000065 ], [ -1.794614130999946, 41.732930296000063 ], [ -1.788753561999954, 41.733324315000061 ], [ -1.775364435999961, 41.724780986000042 ], [ -1.78186025499997, 41.719447101000071 ], [ -1.785147409999979, 41.716747932000033 ], [ -1.786831985999925, 41.707354341000041 ], [ -1.788158875999954, 41.699955290000048 ], [ -1.795547418999945, 41.697905733000027 ], [ -1.802440222999962, 41.695993693000048 ], [ -1.812595210999973, 41.686071892000029 ], [ -1.809073157999933, 41.68466946500007 ], [ -1.807995628999947, 41.676967432000026 ], [ -1.806217357999969, 41.664256585000032 ], [ -1.810777247999965, 41.662582053000051 ], [ -1.813108135999926, 41.660553005000054 ], [ -1.835812718999932, 41.660783077000076 ], [ -1.858307200999946, 41.661011020000046 ], [ -1.86610419699997, 41.649800262000042 ], [ -1.873290407999946, 41.63946770900003 ], [ -1.878365664999933, 41.63872267000005 ], [ -1.887161226999979, 41.63743149700008 ], [ -1.890532863999965, 41.635975105000057 ], [ -1.89789361499993, 41.632408017000046 ], [ -1.899215153999933, 41.629440104000025 ], [ -1.900804610999955, 41.62587049800004 ], [ -1.904233481999938, 41.623565581000037 ], [ -1.907916381999939, 41.62108990400003 ], [ -1.914915812999936, 41.610596469000029 ], [ -1.923096868999949, 41.598331562000055 ], [ -1.94603447399993, 41.602503288000037 ], [ -1.959167194999964, 41.604891773000077 ], [ -1.969524719999924, 41.604073420000077 ], [ -1.977129349999927, 41.603472574000079 ], [ -1.97976738899996, 41.604758058000073 ], [ -1.984505546999969, 41.607066905000067 ], [ -1.993325661999961, 41.600132133000045 ], [ -1.99288715299997, 41.595157565000079 ], [ -1.991966684999966, 41.590354814000079 ], [ -1.995027254999968, 41.581718451000029 ], [ -1.993683760999943, 41.577087683000059 ], [ -1.988918101999957, 41.572799584000052 ], [ -1.985799100999941, 41.569233368000027 ], [ -1.985451486999978, 41.568835912000054 ], [ -1.98312109799997, 41.567569563000063 ], [ -1.980659356999979, 41.564700850000065 ], [ -1.981320002999951, 41.563237177000076 ], [ -1.981864506999955, 41.56203081700005 ], [ -1.978346948999956, 41.558601654000029 ], [ -1.977252631999932, 41.557792168000049 ], [ -1.976732757999969, 41.557407608000062 ], [ -1.97354632899993, 41.557964084000048 ], [ -1.971280368999942, 41.555648825000048 ], [ -1.96855592199995, 41.551273337000055 ], [ -1.970431319999932, 41.54866816100008 ], [ -1.967331793999961, 41.546066992000078 ], [ -1.970459387999938, 41.540477777000035 ], [ -1.97817613999996, 41.526687436000032 ], [ -1.975428108999949, 41.515624954000032 ], [ -1.980010212999957, 41.486890663000054 ], [ -1.973512673999949, 41.48337065100003 ], [ -1.969973832999926, 41.481453500000043 ], [ -1.952507040999933, 41.459616349000044 ], [ -1.948804988999939, 41.432526517000042 ], [ -1.950940291999927, 41.428910685000062 ], [ -1.953682590999961, 41.424266991000025 ], [ -1.944584100999975, 41.421953293000058 ], [ -1.936520823999956, 41.419902845000081 ], [ -1.938969937999957, 41.417132559000038 ], [ -1.939150086999973, 41.416928786000028 ], [ -1.939062274999969, 41.416273052000065 ], [ -1.93787330899994, 41.407394515000078 ], [ -1.946238387999927, 41.407935576000057 ], [ -1.952750317999971, 41.408356774000026 ], [ -1.966804669999931, 41.402479266000057 ], [ -1.969063102999939, 41.401534793000053 ], [ -1.970264411999949, 41.401561384000047 ], [ -1.98130270799993, 41.401805716000069 ], [ -1.986771320999935, 41.397182041000065 ], [ -1.987754958999972, 41.396350381000047 ], [ -1.999749639999948, 41.39373884500003 ], [ -2.001518792999946, 41.393353657000034 ], [ -2.001660763999951, 41.393231817000071 ], [ -2.009871038999961, 41.386185721000061 ], [ -2.025111038999967, 41.383800610000037 ], [ -2.029267380999954, 41.38416297200007 ], [ -2.031162919999929, 41.386001490000069 ], [ -2.032027787999937, 41.386840341000038 ], [ -2.032320355999957, 41.386773672000061 ], [ -2.034186867999949, 41.386348343000066 ], [ -2.041983768999955, 41.389990438000041 ], [ -2.043184949999954, 41.395330005000062 ], [ -2.038509507999947, 41.401271336000036 ], [ -2.034662082999944, 41.406160462000059 ], [ -2.035559601999978, 41.425071280000054 ], [ -2.047095899999931, 41.434334528000079 ], [ -2.101518407999947, 41.445789438000077 ], [ -2.103200045999927, 41.440103837000038 ], [ -2.103333543999952, 41.439652481000053 ], [ -2.103798252999979, 41.439376178000032 ], [ -2.110620616999938, 41.435319790000051 ], [ -2.116346378999935, 41.426003416000071 ], [ -2.116225162999967, 41.41608676900006 ], [ -2.116133500999979, 41.408587858000033 ], [ -2.118156839999926, 41.397040643000025 ], [ -2.118833882999979, 41.396068344000071 ], [ -2.12028461999995, 41.393984946000046 ], [ -2.119532294999942, 41.390708969000059 ], [ -2.119447314999945, 41.390338928000062 ], [ -2.119585811999968, 41.390298297000072 ], [ -2.120707901999936, 41.38996910700007 ], [ -2.119880302999945, 41.388038474000041 ], [ -2.117271066999933, 41.381951618000073 ], [ -2.125119422999944, 41.370686238000076 ], [ -2.149335970999971, 41.356665022000072 ], [ -2.153709330999959, 41.356023031000063 ], [ -2.162411547999966, 41.354745583000067 ], [ -2.160880253999949, 41.348781680000059 ], [ -2.157295870999974, 41.334821653000063 ], [ -2.165042602999961, 41.32675215900008 ], [ -2.169053219999967, 41.322574442000075 ], [ -2.170485614999961, 41.318836646000079 ], [ -2.168830469999932, 41.316554853000071 ], [ -2.167571380999959, 41.314052404000051 ], [ -2.167510919999927, 41.313688418000027 ], [ -2.167172827999934, 41.311653024000066 ], [ -2.168233739999948, 41.309862845000055 ], [ -2.168954330999952, 41.308646922000037 ], [ -2.168614617999935, 41.307847024000068 ], [ -2.168048845999976, 41.306514843000059 ], [ -2.168871423999974, 41.303875064000067 ], [ -2.169074695999939, 41.30110948600003 ], [ -2.170174160999977, 41.299593031000029 ], [ -2.17292737799994, 41.295795613000053 ], [ -2.173670045999927, 41.288090068000031 ], [ -2.168935570999963, 41.285811405000061 ], [ -2.163508933999935, 41.283199610000054 ], [ -2.158893596999974, 41.265648473000056 ], [ -2.158692830999939, 41.264885003000074 ], [ -2.157799945999955, 41.262405495000053 ], [ -2.156445349999956, 41.25864383000004 ], [ -2.155704705999938, 41.249953107000067 ], [ -2.154890092999949, 41.240394441000035 ], [ -2.152965308999967, 41.23367238700007 ], [ -2.150608391999924, 41.225441164000074 ], [ -2.149832261999961, 41.220794330000047 ], [ -2.149000193999939, 41.218814536000025 ], [ -2.147665329999938, 41.202173670000036 ], [ -2.146239787999946, 41.184402376000037 ], [ -2.106752042999972, 41.175231867000036 ], [ -2.09141796199998, 41.172812227000065 ], [ -2.079892144999974, 41.170993512000052 ], [ -2.078599784999938, 41.167025285000079 ], [ -2.077333012999929, 41.163135628000077 ], [ -2.051689751999959, 41.146858162000058 ], [ -2.050606465999977, 41.129417620000027 ], [ -2.050584989999948, 41.125903899000036 ], [ -2.057575578999945, 41.120942102000072 ], [ -2.05917835899993, 41.11980447600007 ], [ -2.062715394999941, 41.113120871000035 ], [ -2.060813053999937, 41.106687076000071 ], [ -2.060375017999945, 41.105205621000039 ], [ -2.061251993999974, 41.104754366000066 ], [ -2.063650846999963, 41.103520017000051 ], [ -2.065618641999947, 41.095798577000039 ], [ -2.06026763899996, 41.089393339000026 ], [ -2.060089597999934, 41.089089845000046 ], [ -2.057513225999969, 41.084698076000052 ], [ -2.048174690999929, 41.078384371000027 ], [ -2.056429439999931, 41.069698317000075 ], [ -2.073084293999955, 41.073544097000081 ], [ -2.08105046999998, 41.085647364000067 ], [ -2.081322316999945, 41.086060390000057 ], [ -2.084633406999956, 41.08745973300006 ], [ -2.11077245599995, 41.09850669900004 ], [ -2.116599989999941, 41.103629499000078 ], [ -2.131920943999944, 41.117097663000038 ], [ -2.136378253999965, 41.115384453000047 ], [ -2.141280947999974, 41.10732888800004 ], [ -2.143980115999966, 41.102893914000049 ], [ -2.159219482999958, 41.097939598000039 ], [ -2.166518266999958, 41.095566765000058 ], [ -2.168975431999968, 41.092833193000047 ], [ -2.176612359999979, 41.084337186000027 ], [ -2.198764566999955, 41.089086095000027 ], [ -2.232304273999944, 41.096276214000056 ], [ -2.243544492999945, 41.085936967000066 ], [ -2.263541324999949, 41.067543004000072 ], [ -2.266402618999962, 41.068137944000057 ], [ -2.276396417999933, 41.065372558000035 ], [ -2.279881012999965, 41.065532972000028 ], [ -2.284004391999929, 41.065059637000047 ], [ -2.285347638999951, 41.066156651000028 ], [ -2.291108429999952, 41.070861419000039 ], [ -2.293579160999968, 41.07126241900005 ], [ -2.295215327999927, 41.069652380000036 ], [ -2.298166020999929, 41.068633848000047 ], [ -2.302247445999967, 41.065426029000037 ], [ -2.311147215999938, 41.062557138000045 ], [ -2.311383706999948, 41.06248090400004 ], [ -2.31559348899998, 41.061633982000046 ], [ -2.318765933999941, 41.059821855000052 ], [ -2.323404235999931, 41.056518324000081 ], [ -2.330691780999928, 41.065884047000054 ], [ -2.331485250999947, 41.066903789000037 ], [ -2.333033720999936, 41.067194458000074 ], [ -2.333875499999976, 41.067352472000039 ], [ -2.335326922999968, 41.068477599000062 ], [ -2.33927345099994, 41.071536904000027 ], [ -2.349237782999978, 41.077419436000071 ], [ -2.352213947999928, 41.081104409000034 ], [ -2.355327957999975, 41.086463968000032 ], [ -2.360495665999963, 41.083988469000076 ], [ -2.372577125999953, 41.079155028000059 ], [ -2.377671416999931, 41.078235660000075 ], [ -2.381348795999941, 41.077010944000051 ], [ -2.383065371999976, 41.074157828000068 ], [ -2.384429768999951, 41.073160409000025 ], [ -2.396032838999929, 41.064678181000033 ], [ -2.397856295999929, 41.064274129000069 ], [ -2.402129006999928, 41.061664108000059 ], [ -2.410184977999961, 41.060535489000074 ], [ -2.414299866999954, 41.060924502000034 ], [ -2.416025931999968, 41.059409864000031 ], [ -2.418909200999963, 41.057716683000081 ], [ -2.428827708999961, 41.065708766000057 ], [ -2.429082018999964, 41.066481213000031 ], [ -2.430824724999979, 41.071774549000054 ], [ -2.439499890999969, 41.071768397000028 ], [ -2.443032119999941, 41.076499108000064 ], [ -2.45624728599995, 41.077308135000067 ], [ -2.469467039999927, 41.078117443000053 ], [ -2.469755247999956, 41.089302547000045 ], [ -2.469768342999942, 41.089810750000026 ], [ -2.480318486999977, 41.113455191000071 ], [ -2.485032962999981, 41.117508973000042 ], [ -2.497226105999971, 41.118445533000056 ], [ -2.508224742999971, 41.119290343000046 ], [ -2.510588460999941, 41.127007090000063 ], [ -2.511769294999965, 41.130862117000049 ], [ -2.517004637999946, 41.137636264000037 ], [ -2.516942832999973, 41.146458 ], [ -2.53614278699996, 41.161520102000054 ], [ -2.543094374999953, 41.151369277000072 ], [ -2.543742449999968, 41.150422947000038 ], [ -2.580069053999978, 41.140643648000037 ], [ -2.595451786999945, 41.152363857000068 ], [ -2.585432043999958, 41.162158298000065 ], [ -2.582311131999973, 41.165209034000043 ], [ -2.579260388999955, 41.179359332000047 ], [ -2.602244165999934, 41.188193505000072 ], [ -2.604891538999937, 41.187435375000064 ], [ -2.619345567999972, 41.183296164000069 ], [ -2.621969198999977, 41.188075610000055 ], [ -2.619937272999948, 41.195198101000074 ], [ -2.606895145999943, 41.193699279000043 ], [ -2.606156435999935, 41.193614385000046 ], [ -2.603319254999974, 41.193972200000076 ], [ -2.600551498999948, 41.195058808000056 ], [ -2.593187618999934, 41.20094329300008 ], [ -2.589897231999942, 41.207218425000065 ], [ -2.589440926999941, 41.209542322000061 ], [ -2.587412344999962, 41.213996264000059 ], [ -2.587071495999965, 41.216955627000061 ], [ -2.588429215999952, 41.223125677000041 ], [ -2.589493522999931, 41.22454450500004 ], [ -2.592333340999971, 41.224445335000041 ], [ -2.59940641399993, 41.222911930000066 ], [ -2.608278470999949, 41.221645586000079 ], [ -2.613428939999949, 41.220342515000027 ], [ -2.616978220999954, 41.219444545000044 ], [ -2.618525486999943, 41.220404371000029 ], [ -2.623908453999945, 41.223743624000065 ], [ -2.625928540999951, 41.220494221000081 ], [ -2.629206515999954, 41.215221450000058 ], [ -2.636258612999939, 41.223819881000054 ], [ -2.636082823999971, 41.226764793000029 ], [ -2.635764549999976, 41.232096674000047 ], [ -2.647391189999951, 41.240052128000059 ], [ -2.65468638599998, 41.239230859000031 ], [ -2.668867331999934, 41.237634416000049 ], [ -2.695356380999954, 41.245601669000052 ], [ -2.709961362999934, 41.253193839000062 ], [ -2.712972510999975, 41.261914499000056 ], [ -2.717428463999966, 41.274819496000077 ], [ -2.730734208999934, 41.271919667000077 ], [ -2.760954362999939, 41.274032438000063 ], [ -2.775377468999977, 41.258694356000035 ], [ -2.775385495999956, 41.258209994000026 ], [ -2.775520038999957, 41.250091660000066 ], [ -2.777983777999964, 41.252025073000027 ], [ -2.782501714999967, 41.253772944000048 ], [ -2.786690938999925, 41.253981085000078 ], [ -2.794018806999929, 41.254345169000032 ], [ -2.797273159999975, 41.255375086000072 ], [ -2.803551123999966, 41.25652288200007 ], [ -2.810690622999971, 41.255741167000053 ], [ -2.819604132999928, 41.25735114500003 ], [ -2.822255161999976, 41.256626134000044 ], [ -2.821773701999973, 41.258381391000057 ], [ -2.829328751999981, 41.262182675000076 ], [ -2.830287659999954, 41.262665145000028 ], [ -2.833780085999933, 41.263997109000059 ], [ -2.839217651999945, 41.266070923000029 ], [ -2.841412691999949, 41.266128361000028 ], [ -2.855170273999931, 41.270515587000034 ], [ -2.859021456999926, 41.272880446000045 ], [ -2.866898129999925, 41.274474987000076 ], [ -2.864252075999957, 41.286862705000033 ], [ -2.86424600099997, 41.286891145000027 ], [ -2.864272464999942, 41.286932663000073 ], [ -2.872397213999932, 41.29967907200006 ], [ -2.86981078499997, 41.305935357000067 ], [ -2.866855676999933, 41.313083435000067 ], [ -2.874234557999955, 41.32044150300004 ], [ -2.882717899999932, 41.321766136000065 ], [ -2.888433993999968, 41.325248344000045 ], [ -2.897948330999952, 41.324814016000062 ], [ -2.902846341999975, 41.325942963000045 ], [ -2.906679046999955, 41.327640473000031 ], [ -2.911741011999936, 41.321522147000053 ], [ -2.940380009999956, 41.313205270000026 ], [ -2.941501612999957, 41.306738908000057 ], [ -2.942527741999925, 41.300822982000057 ], [ -2.950144832999968, 41.292648435000046 ], [ -2.953537530999938, 41.291957965000051 ], [ -2.961202939999964, 41.292372998000076 ], [ -2.962565008999945, 41.292612289000033 ], [ -2.966134912999962, 41.293239457000027 ], [ -2.967450438999947, 41.291923441000051 ], [ -2.969707908999965, 41.292232653000042 ], [ -2.976276047999932, 41.29135905000004 ], [ -2.988088808999976, 41.288784332000034 ], [ -2.988824468999951, 41.288203786000054 ], [ -2.989868313999978, 41.28738003400008 ], [ -2.994920651999962, 41.286605818000055 ], [ -2.997312269999952, 41.286778832000039 ], [ -2.997561192999967, 41.286796840000079 ], [ -2.99827682199998, 41.286616901000059 ], [ -3.004162793999967, 41.285136922000049 ], [ -3.006003730999964, 41.284408841000072 ], [ -3.007895488999964, 41.285002095000038 ], [ -3.018808152999952, 41.288424299000042 ], [ -3.025905576999946, 41.286302556000066 ], [ -3.058897649999949, 41.276439726000035 ], [ -3.05957639199994, 41.276236819000076 ], [ -3.061916567999958, 41.273437489000059 ], [ -3.081677095999964, 41.280205007000063 ], [ -3.09123055799995, 41.283476844000063 ], [ -3.093222406999928, 41.282413107000025 ], [ -3.097842804999971, 41.279945606000069 ], [ -3.100183681999965, 41.280086354000048 ], [ -3.105203766999978, 41.28470460300008 ], [ -3.108676163999974, 41.287899050000078 ], [ -3.121242080999934, 41.289481966000039 ], [ -3.125065795999944, 41.290900855000075 ], [ -3.128313095999943, 41.289124380000032 ], [ -3.13006519299995, 41.288165874000072 ], [ -3.137798978999967, 41.290938604000075 ], [ -3.14131208799995, 41.292198129000042 ], [ -3.144007097999975, 41.292125938000027 ], [ -3.148428611999975, 41.292007499000078 ], [ -3.151666982999927, 41.292777898000054 ], [ -3.157808100999944, 41.293678499000066 ], [ -3.164909141999942, 41.295367843000065 ], [ -3.17058327899997, 41.297208768000075 ], [ -3.178619775999948, 41.299816141000065 ], [ -3.188569624999957, 41.303924589000076 ], [ -3.192161099999964, 41.30267707400003 ], [ -3.199775066999962, 41.304439347000027 ], [ -3.203000071999952, 41.303408645000047 ], [ -3.203690179999967, 41.303188089000059 ], [ -3.20737305199998, 41.304245 ], [ -3.215967571999954, 41.298713427000052 ], [ -3.22080705999997, 41.29806884900006 ], [ -3.227503149999961, 41.297176988000047 ], [ -3.236853370999938, 41.289818534000062 ], [ -3.239426092999963, 41.286073246000058 ], [ -3.239249188999963, 41.283111671000029 ], [ -3.238978128999975, 41.278573804000075 ], [ -3.254701909999937, 41.258791372000076 ], [ -3.273232706999977, 41.260721186000069 ], [ -3.274911748999955, 41.270159147000072 ], [ -3.275781384999959, 41.275047406000056 ], [ -3.287240638999947, 41.265818272000047 ], [ -3.288198473999955, 41.264182558000073 ], [ -3.291852091999942, 41.257943201000046 ], [ -3.301056354999957, 41.258813248000081 ], [ -3.324429161999944, 41.261022598000068 ], [ -3.328833006999957, 41.258341363000056 ], [ -3.336722443999975, 41.253537962000053 ], [ -3.357885884999973, 41.257847797000068 ], [ -3.368438501999947, 41.259996787000034 ], [ -3.397222566999972, 41.257717445000026 ], [ -3.410388742999942, 41.261970381000026 ], [ -3.415174164999939, 41.273205138000037 ], [ -3.415519274999951, 41.271360243000061 ], [ -3.414596208999967, 41.265940026000067 ], [ -3.410648735999928, 41.259956388000035 ], [ -3.400070286999949, 41.253923283000063 ], [ -3.398761793999938, 41.242735807000031 ], [ -3.405610032999959, 41.234221928000068 ], [ -3.403755667999974, 41.221909522000033 ], [ -3.402508858999965, 41.213631097000075 ], [ -3.422291619999953, 41.214415977000044 ], [ -3.442576450999979, 41.21522077700007 ], [ -3.453765414999964, 41.20217701100006 ], [ -3.45537238199995, 41.19926784200004 ], [ -3.459139967999931, 41.192447204000075 ], [ -3.468880937999927, 41.184263193000049 ], [ -3.474094819999948, 41.183198244000039 ], [ -3.499909332999948, 41.177925564000077 ], [ -3.506450914999959, 41.169448009000064 ], [ -3.50669299599997, 41.169299810000041 ], [ -3.517212307999955, 41.162860021000029 ], [ -3.522553821999963, 41.164394340000058 ], [ -3.528333479999958, 41.166054513000063 ], [ -3.539573247999954, 41.164993407000054 ], [ -3.554481628999952, 41.16492738900007 ], [ -3.569616609999969, 41.159732536000035 ], [ -3.583646210999973, 41.160707064000064 ], [ -3.592307895999966, 41.15481230000006 ], [ -3.600580916999945, 41.154427935000058 ], [ -3.613550339999961, 41.149005608000039 ], [ -3.617341396999961, 41.145456125000067 ], [ -3.619849280999972, 41.143108049000034 ], [ -3.621942882999974, 41.141778041000066 ], [ -3.632892883999943, 41.134821804000069 ], [ -3.633565337999926, 41.129973061000044 ], [ -3.634168232999968, 41.125625878000051 ], [ -3.640329488999953, 41.12310268300007 ], [ -3.644867242999965, 41.121244355000044 ], [ -3.647677124999973, 41.115639656000042 ], [ -3.651721951999946, 41.107571691000032 ], [ -3.675911450999934, 41.086649928000043 ], [ -3.679384058999972, 41.084184600000071 ], [ -3.682034254999962, 41.084633776000032 ], [ -3.683923970999956, 41.08495406000003 ], [ -3.687448520999965, 41.084890064000035 ], [ -3.69528523799994, 41.082653934000064 ], [ -3.700888457999952, 41.080046525000057 ], [ -3.706040683999959, 41.076814415000058 ], [ -3.71593659399997, 41.071505653000031 ], [ -3.721268617999954, 41.064986585000042 ], [ -3.72546940999996, 41.062456050000037 ], [ -3.730413368999962, 41.061379037000052 ], [ -3.740300288999947, 41.053595021000035 ], [ -3.739975335999929, 41.051191232000065 ], [ -3.73972258699996, 41.049321559000077 ], [ -3.748098048999964, 41.036627352000039 ], [ -3.753097945999968, 41.031615618000046 ], [ -3.755389377999961, 41.027885673000071 ], [ -3.758894449999957, 41.027025495000032 ], [ -3.765762751999944, 41.020783498000071 ], [ -3.766767625999933, 41.018894882000041 ], [ -3.767141206999952, 41.015931093000063 ], [ -3.769858161999935, 41.01365794700007 ], [ -3.771081291999963, 41.012280154000052 ], [ -3.78052471999996, 41.001579082000035 ], [ -3.792483349999941, 40.994749906000038 ], [ -3.820264118999944, 40.985485750000066 ], [ -3.825608746999933, 40.98619347500005 ], [ -3.829093775999979, 40.986654955000063 ], [ -3.835016137999958, 40.984147423000024 ], [ -3.839120538999964, 40.983869933000051 ], [ -3.844351675999974, 40.982301869000025 ], [ -3.859040749999963, 40.978610705000051 ], [ -3.865968661999943, 40.973967832000028 ], [ -3.869055063999951, 40.971899420000057 ], [ -3.871188915999937, 40.972386536000045 ], [ -3.880106104999925, 40.974422152000045 ], [ -3.880630516999929, 40.972772035000048 ], [ -3.883378437999966, 40.971190886000045 ], [ -3.886791112999958, 40.971110187000079 ], [ -3.890160336999941, 40.968803818000026 ], [ -3.895018891999939, 40.965479127000037 ], [ -3.896073586999933, 40.963443141000027 ], [ -3.898485006999977, 40.958788129000027 ], [ -3.902223317999926, 40.956898114000069 ], [ -3.902909680999926, 40.95674990100008 ], [ -3.90416913699994, 40.956477935000066 ], [ -3.908695159999979, 40.95108532100005 ], [ -3.919817099999932, 40.937833880000028 ], [ -3.921598103999941, 40.929905836000046 ], [ -3.927208316999952, 40.927601047000053 ], [ -3.929644585999938, 40.927002950000031 ], [ -3.933232120999946, 40.927061109000078 ], [ -3.937791455999957, 40.927135023000062 ], [ -3.937365114999977, 40.921736457000065 ], [ -3.936974375999966, 40.916788692000068 ], [ -3.94480060099994, 40.903295868000043 ], [ -3.946383039999944, 40.900935202000028 ], [ -3.95114956499998, 40.89382455100008 ], [ -3.948043269999971, 40.891360605000045 ], [ -3.94238368699996, 40.886871363000068 ], [ -3.946923817999959, 40.864456315000041 ], [ -3.949960228999942, 40.85993064400003 ], [ -3.96478992599998, 40.837827465000032 ], [ -3.96351324099993, 40.828694025000061 ], [ -3.963424008999937, 40.828055660000075 ], [ -3.964862773999926, 40.816297124000073 ], [ -3.973261927999943, 40.806225511000036 ], [ -3.979300055999943, 40.798985057000039 ], [ -3.978691431999948, 40.793711735000045 ], [ -3.977959937999969, 40.787373817000059 ], [ -3.979516692999937, 40.784510436000062 ], [ -3.984068092999962, 40.785902814000053 ], [ -3.989590902999964, 40.785427094000056 ], [ -3.991507107999951, 40.785891759000037 ], [ -4.00269471699994, 40.788604670000041 ], [ -4.007492839999941, 40.787863136000055 ], [ -4.012354890999973, 40.784303581000074 ], [ -4.014192664999939, 40.783367171000066 ], [ -4.015010414999949, 40.782950499000037 ], [ -4.021157525999968, 40.781146978000038 ], [ -4.032238606999954, 40.78156146300006 ], [ -4.036142730999927, 40.783483340000032 ], [ -4.039392588999931, 40.784119037000039 ], [ -4.04204361799998, 40.783743141000059 ], [ -4.043257314999948, 40.78563261000005 ], [ -4.045336926999937, 40.788870123000038 ], [ -4.046799287999931, 40.790133467000032 ], [ -4.053347948999942, 40.790591003000031 ], [ -4.059430132999978, 40.792259658000035 ], [ -4.069930863999957, 40.793870421000065 ], [ -4.076511283999935, 40.788149322000038 ], [ -4.081614653999964, 40.776236490000031 ], [ -4.095281772999954, 40.765240068000026 ], [ -4.096404384999971, 40.75251552900005 ], [ -4.096829717999981, 40.747694485000068 ], [ -4.10195631199997, 40.745896670000036 ], [ -4.112127699999974, 40.742329725000047 ], [ -4.123648308999975, 40.731088886000066 ], [ -4.125530052999977, 40.724450085000058 ], [ -4.127309426999943, 40.724086455000077 ], [ -4.137024237999981, 40.715601216000039 ], [ -4.139486480999949, 40.709842323000032 ], [ -4.145705043999953, 40.69529784100007 ], [ -4.160293592999949, 40.689853421000066 ], [ -4.17051263999997, 40.681175143000075 ], [ -4.173032964999948, 40.674641158000043 ], [ -4.170619132999946, 40.662340309000058 ], [ -4.167779202999952, 40.647868071000062 ], [ -4.168814875999942, 40.643249641000068 ], [ -4.171672188999935, 40.63050787700007 ], [ -4.167338186999928, 40.627624936000075 ], [ -4.161019278999959, 40.623421652000047 ], [ -4.214116567999952, 40.605575486000077 ], [ -4.244451367999943, 40.602466744000026 ], [ -4.26274747399998, 40.606341452000038 ], [ -4.266409632999967, 40.615073753000047 ], [ -4.272181246999935, 40.628835981000066 ], [ -4.282233547999965, 40.630766871000048 ], [ -4.290543618999948, 40.627779388000079 ], [ -4.289497815999937, 40.60836333900005 ], [ -4.28250436299993, 40.604214173000059 ], [ -4.278978481999957, 40.602122292000047 ], [ -4.289095740999926, 40.564151591000041 ], [ -4.299198899999965, 40.560731651000026 ], [ -4.309543352999981, 40.557230032000064 ], [ -4.323894740999947, 40.547711843000059 ], [ -4.327016848999961, 40.53423463200005 ], [ -4.324553603999959, 40.532762048000052 ], [ -4.320666502999927, 40.530438249000042 ], [ -4.321867512999972, 40.51713101100006 ], [ -4.323020493999934, 40.51510236200005 ], [ -4.326600252999981, 40.508803841000031 ], [ -4.323016446999929, 40.502496676000078 ], [ -4.324013073999936, 40.481094584000061 ], [ -4.319107518999942, 40.470029343000078 ], [ -4.316741901999933, 40.464693325000042 ], [ -4.318380909999973, 40.461659634000057 ], [ -4.319725251999955, 40.459171350000076 ], [ -4.325074418999975, 40.460059010000066 ], [ -4.322274400999959, 40.455405453000026 ], [ -4.320229642999948, 40.452007117000051 ], [ -4.326852033999955, 40.448999048000076 ], [ -4.329058242999963, 40.447996928000066 ], [ -4.339122721999956, 40.438283648000038 ], [ -4.33899132199997, 40.431851900000026 ], [ -4.338868978999926, 40.428596288000051 ], [ -4.332946037999932, 40.424116984000079 ], [ -4.332127463999939, 40.423990679000042 ], [ -4.324831605999975, 40.422864936000053 ], [ -4.323835307999957, 40.418260844000031 ], [ -4.325507090999963, 40.414627276000033 ], [ -4.320921073999955, 40.41026811100005 ], [ -4.331517541999972, 40.408729728000026 ], [ -4.343090189999941, 40.409939512000051 ], [ -4.356741504999945, 40.41136659600005 ], [ -4.364460239999971, 40.408267980000062 ], [ -4.367187704999935, 40.407173064000062 ], [ -4.371858882999959, 40.407689270000049 ], [ -4.400822208999955, 40.410889968000049 ], [ -4.421466390999967, 40.406241915000066 ], [ -4.44246194699997, 40.386066861000074 ], [ -4.440920270999925, 40.365685341000074 ], [ -4.439803943999948, 40.350927080000076 ], [ -4.45246825199996, 40.344590636000078 ], [ -4.46077883199996, 40.340432531000033 ], [ -4.457497409999974, 40.337039556000036 ], [ -4.45364232999998, 40.333053422000035 ], [ -4.456000058999962, 40.319874671000036 ], [ -4.471800199999961, 40.32021452400005 ], [ -4.472302916999979, 40.320225337000068 ], [ -4.48792169799998, 40.320780955000032 ], [ -4.49197858399998, 40.31897501800006 ], [ -4.498545365999973, 40.316051793000042 ], [ -4.505418334999945, 40.316159256000049 ], [ -4.526111819999926, 40.338192045000028 ], [ -4.526258063999933, 40.340121994000071 ], [ -4.52661504799994, 40.344833039000036 ], [ -4.529571234999935, 40.34409190100007 ], [ -4.533493336999925, 40.342239308000046 ], [ -4.534958696999979, 40.341547150000054 ], [ -4.538882299999955, 40.340449661000036 ], [ -4.541792090999934, 40.340994696000052 ], [ -4.546225070999981, 40.34182504100005 ], [ -4.54440161399998, 40.330149602000063 ], [ -4.540505209999935, 40.327093049000041 ], [ -4.536332520999963, 40.31341586700006 ], [ -4.530187788999967, 40.293274747000055 ], [ -4.538868751999928, 40.287622834000047 ], [ -4.555413772999941, 40.276850870000033 ], [ -4.555895956999962, 40.26923602100004 ], [ -4.556092012999954, 40.266139813000052 ], [ -4.562969516999942, 40.261597643000073 ], [ -4.569479009999952, 40.257298521000052 ], [ -4.566906536999966, 40.240904956000065 ], [ -4.564037239999948, 40.237950940000076 ], [ -4.560028853999938, 40.233824201000061 ], [ -4.560835943999962, 40.224459425000077 ], [ -4.565991420999978, 40.21864185700008 ], [ -4.579075753999973, 40.217195983000067 ], [ -4.61675003199997, 40.199998422000078 ], [ -4.625059440999962, 40.201008639000065 ], [ -4.629782592999959, 40.201582856000073 ], [ -4.632257009999933, 40.200658941000029 ], [ -4.640477496999949, 40.19758951700004 ], [ -4.653444109999953, 40.198148286000048 ], [ -4.672385476999978, 40.208648522000033 ], [ -4.673942434999958, 40.209511629000076 ], [ -4.674062785999979, 40.209461798000063 ], [ -4.679844876999937, 40.207067760000029 ], [ -4.686081187999946, 40.211772634000056 ], [ -4.689133923999975, 40.227782594000075 ], [ -4.688839241999972, 40.229277211000067 ], [ -4.687568294999949, 40.235723406000034 ], [ -4.691011513999968, 40.239312862000077 ], [ -4.692619015999981, 40.240988637000044 ], [ -4.691693151999971, 40.242461954000078 ], [ -4.687204071999929, 40.249605375000044 ], [ -4.694204439999965, 40.254063822000035 ], [ -4.701856620999934, 40.258937400000036 ], [ -4.701876414999958, 40.262975332000053 ], [ -4.696762407999927, 40.265881344000036 ], [ -4.695116950999932, 40.266816367000047 ], [ -4.698168783999961, 40.282226337000054 ], [ -4.711931569999933, 40.280546991000051 ], [ -4.713709101999939, 40.27612971800005 ], [ -4.72751988999994, 40.273570818000053 ], [ -4.729918015999942, 40.271774749000031 ], [ -4.730975718999957, 40.27098258500007 ], [ -4.731920395999964, 40.27127138600008 ], [ -4.742912846999957, 40.27463193400007 ], [ -4.751547972999958, 40.266337366000073 ], [ -4.753477804999932, 40.264483644000052 ], [ -4.762222157999929, 40.261390931000051 ], [ -4.775228808999941, 40.26660959600008 ], [ -4.787890650999941, 40.271689914000035 ], [ -4.804282359999945, 40.275127415000043 ], [ -4.810857564999935, 40.259831116000043 ], [ -4.811059343999943, 40.25936170500006 ], [ -4.811489172999927, 40.259024895000039 ], [ -4.817302403999975, 40.254469707000055 ], [ -4.81292620399995, 40.245045825000034 ], [ -4.808630598999969, 40.235795499000062 ], [ -4.814579709999975, 40.232989135000025 ], [ -4.818790100999934, 40.231002974000035 ], [ -4.821582507999949, 40.22504071000003 ], [ -4.823206317999961, 40.221573599000067 ], [ -4.835410973999956, 40.212504542000033 ], [ -4.845435043999942, 40.210018055000035 ], [ -4.849381815999948, 40.209039052000037 ], [ -4.859693259999972, 40.203506334000053 ], [ -4.864009714999952, 40.204277416000025 ], [ -4.871928995999951, 40.200286643000027 ], [ -4.876611305999973, 40.193657118000033 ], [ -4.878556538999931, 40.190902928000071 ], [ -4.887014932999932, 40.188197416000037 ], [ -4.896684302999972, 40.18510456000007 ], [ -4.900679325999931, 40.182201633000034 ], [ -4.902606166999931, 40.180099528000028 ], [ -4.904129344999944, 40.179215973000055 ], [ -4.913746181999954, 40.173637503000066 ], [ -4.918570878999958, 40.17163722500004 ], [ -4.91887143799994, 40.17151261600003 ], [ -4.924705898999946, 40.170021187000032 ], [ -4.923160130999975, 40.167679028000066 ], [ -4.923753965999936, 40.164992906000066 ], [ -4.92145885399998, 40.161075708000055 ], [ -4.918092809999962, 40.155330690000028 ], [ -4.918111788999965, 40.152691033000053 ], [ -4.921129906999965, 40.147315970000079 ], [ -4.922507861999975, 40.141582355000025 ], [ -4.92559640099995, 40.138286586000049 ], [ -4.925486024999941, 40.136073918000079 ], [ -4.934155807999957, 40.134651587000064 ], [ -4.936772874999974, 40.133850104000032 ], [ -4.942258726999967, 40.133567922000054 ], [ -4.945871677999946, 40.132678983000062 ], [ -4.947445730999959, 40.132937849000029 ], [ -4.94874845399994, 40.133152092000046 ], [ -4.958202314999937, 40.131134618000033 ], [ -4.956652615999928, 40.126869655000064 ], [ -4.954578918999971, 40.121162587000072 ], [ -4.990444565999951, 40.115522217000034 ], [ -5.004929233999974, 40.110220828000024 ], [ -5.013376523999966, 40.111095361000025 ], [ -5.010351139999955, 40.117180331000043 ], [ -5.008100311999954, 40.121707432000051 ], [ -5.007364631999963, 40.130528711000068 ], [ -5.016625558999976, 40.146514938000053 ], [ -5.018918723999946, 40.158136374000037 ], [ -5.029462012999943, 40.157828284000061 ], [ -5.034364510999978, 40.155424523000079 ], [ -5.042108460999941, 40.151627559000076 ], [ -5.057038090999981, 40.14926104400007 ], [ -5.062082528999952, 40.149465356000064 ], [ -5.068687893999936, 40.149732890000053 ], [ -5.072455177999927, 40.144763750000038 ], [ -5.078433400999927, 40.136878327000034 ], [ -5.084807699999942, 40.134747502000039 ], [ -5.08733547199995, 40.125950744000079 ], [ -5.096455140999979, 40.126778339000055 ], [ -5.100104262999935, 40.127109491000056 ], [ -5.104983993999952, 40.120386875000065 ], [ -5.106763358999956, 40.117935512000031 ], [ -5.126873651999972, 40.10291069200008 ], [ -5.13040338199994, 40.101337756000078 ], [ -5.138751419999949, 40.097617663000051 ], [ -5.140608111999939, 40.094769438000071 ], [ -5.142354902999955, 40.092089806000047 ], [ -5.150456109999936, 40.092224756000064 ], [ -5.155311924999978, 40.092305644000078 ], [ -5.166967889999967, 40.087989877000041 ], [ -5.167115021999962, 40.087920161000056 ], [ -5.172812719999968, 40.085220380000067 ], [ -5.177455393999935, 40.086505375000058 ], [ -5.181938112999944, 40.087746097000036 ], [ -5.188528820999977, 40.086214687000052 ], [ -5.201266681999925, 40.083254930000066 ], [ -5.210782526999935, 40.092096569000034 ], [ -5.211392202999946, 40.09634875100005 ], [ -5.212827079999954, 40.106356300000073 ], [ -5.249390517999927, 40.108768358000077 ], [ -5.293510071999947, 40.109634309000057 ], [ -5.30815733399993, 40.107955891000074 ], [ -5.315878003999956, 40.107071185000052 ], [ -5.320141225999976, 40.107921496000074 ], [ -5.323325156999942, 40.11009191800008 ], [ -5.327281722999942, 40.111877631000027 ], [ -5.32872034899998, 40.113179338000066 ], [ -5.32943630799997, 40.11382715700006 ], [ -5.33601643399993, 40.115856071000053 ], [ -5.337602248999929, 40.123735450000027 ], [ -5.342935385999965, 40.127548087000037 ], [ -5.344926321999935, 40.128971398000033 ], [ -5.356125159999976, 40.149836872000037 ], [ -5.357232282999973, 40.151899643000036 ], [ -5.357566515999963, 40.152272551000067 ], [ -5.367476167999939, 40.163328898000032 ], [ -5.366377369999952, 40.170229781000046 ], [ -5.364934640999934, 40.179290693000041 ], [ -5.367233407999947, 40.198151006000046 ], [ -5.365007076999973, 40.202724434000061 ], [ -5.368116796999971, 40.212723962000041 ], [ -5.369458033999933, 40.217036804000031 ], [ -5.365272311999945, 40.221241396000039 ], [ -5.359404213999937, 40.227135947000079 ], [ -5.343248827999957, 40.264091380000025 ], [ -5.354918184999974, 40.263738095000065 ], [ -5.359059438999964, 40.261302554000054 ], [ -5.364611355999955, 40.258037379000029 ], [ -5.378857188999973, 40.257606118000069 ], [ -5.395049773999972, 40.250503456000047 ], [ -5.409917390999965, 40.254427894000059 ], [ -5.412321062999979, 40.255062364000025 ], [ -5.429866753999931, 40.252300344000048 ], [ -5.430381676999957, 40.248927995000031 ], [ -5.433463396999969, 40.245406151000054 ], [ -5.433859778999931, 40.244953158000044 ], [ -5.434346732999927, 40.242801532000044 ], [ -5.436101765999979, 40.23894490400005 ], [ -5.439813106999964, 40.233669324000061 ], [ -5.450559562999956, 40.227863310000032 ], [ -5.452333574999955, 40.227188 ], [ -5.453983732999973, 40.226720879000027 ], [ -5.455148919999942, 40.226391042000046 ], [ -5.468114887999945, 40.224193448000051 ], [ -5.469220648999965, 40.221966037000072 ], [ -5.469849443999976, 40.215683056000046 ], [ -5.469733074999965, 40.212783345000048 ], [ -5.469863262999979, 40.212261402000024 ], [ -5.47095270799997, 40.207893639000076 ], [ -5.475110986999937, 40.207482964000064 ], [ -5.478877825999973, 40.207110948000036 ], [ -5.483142545999954, 40.205776310000033 ], [ -5.486449064999931, 40.205110832000059 ], [ -5.488109978999944, 40.204776553000045 ], [ -5.49151016899998, 40.203300351000053 ], [ -5.497110891999966, 40.200034662000064 ], [ -5.505492067999967, 40.201495040000054 ], [ -5.508080288999963, 40.201946025000041 ], [ -5.511437378999972, 40.200366174000067 ], [ -5.518788097999959, 40.196906915000056 ], [ -5.521073036999951, 40.196136686000045 ], [ -5.531008401999941, 40.194759486000066 ], [ -5.547293157999945, 40.197530345000075 ], [ -5.568267340999967, 40.205453612000042 ], [ -5.598406367999928, 40.216839016000051 ], [ -5.604610813999955, 40.216139491000035 ], [ -5.610083280999959, 40.215522494000027 ], [ -5.617782634999969, 40.222675213000059 ], [ -5.615930541999944, 40.228568346000031 ], [ -5.614461290999941, 40.233243323000067 ], [ -5.622967895999977, 40.245915389000061 ], [ -5.638965003999942, 40.248826032000068 ], [ -5.650506248999932, 40.250925939000069 ], [ -5.659113889999958, 40.258628778000059 ], [ -5.658464471999935, 40.265560862000029 ], [ -5.657999375999964, 40.270525446000079 ], [ -5.692704684999967, 40.29214513900007 ], [ -5.698960083999964, 40.289797356000065 ], [ -5.699885668999968, 40.289449964000028 ], [ -5.737602367999955, 40.294163009000044 ], [ -5.744424721999962, 40.28890240100003 ], [ -5.765032126999927, 40.280818881000073 ], [ -5.776742002999981, 40.282429033000028 ], [ -5.79318507499994, 40.286746840000035 ], [ -5.801491612999939, 40.297531848000062 ], [ -5.796261809999976, 40.299788335000073 ], [ -5.793142092999972, 40.301134389000026 ], [ -5.782610569999974, 40.314322949000029 ], [ -5.797554677999926, 40.353286463000074 ], [ -5.81905106399995, 40.349758208000026 ], [ -5.840373617999944, 40.333326520000071 ], [ -5.847168074999956, 40.32809054300003 ], [ -5.850062596999976, 40.330000752000046 ], [ -5.852715983999929, 40.331751826000072 ], [ -5.849974928999927, 40.33824168600006 ], [ -5.876088937999953, 40.326717024000061 ], [ -5.88428847299997, 40.326644824000027 ], [ -5.892138976999945, 40.320175254000048 ], [ -5.893267850999962, 40.314986802000078 ], [ -5.894853498999964, 40.307698959000049 ], [ -5.914115520999928, 40.285960738000028 ], [ -5.917219066999962, 40.277740588000029 ], [ -5.920883959999969, 40.280944997000063 ], [ -5.937827969999944, 40.281108833000076 ], [ -5.941712616999951, 40.284457861000078 ], [ -5.953773099999978, 40.287548040000047 ], [ -5.964993025999945, 40.291530661000024 ], [ -5.968529561999958, 40.289600335000046 ], [ -5.980811331999973, 40.297592316000078 ], [ -6.003324256999974, 40.30447315300006 ], [ -6.01647283099993, 40.316562387000033 ], [ -6.017215498999974, 40.319160630000056 ], [ -6.019629792999979, 40.322684835000075 ], [ -6.018425956999977, 40.331978077000031 ], [ -6.018228363999981, 40.333503433000033 ], [ -6.016360456999962, 40.336761541000044 ], [ -6.01606129299995, 40.340335838000044 ], [ -6.026627076999944, 40.340852359000053 ], [ -6.053095392999978, 40.342146295000077 ], [ -6.105760763999967, 40.356838571000026 ], [ -6.09200693799994, 40.361532966000027 ], [ -6.083079901999952, 40.364579903000049 ], [ -6.084527678999962, 40.375958108000077 ], [ -6.084680367999965, 40.377158105000035 ], [ -6.083350413999938, 40.378228681000053 ], [ -6.074679962999937, 40.385208155000043 ], [ -6.078131816999928, 40.388293716000078 ], [ -6.08109878099998, 40.390945842000065 ], [ -6.075415344999954, 40.393532937000032 ], [ -6.067470618999948, 40.397149368000044 ], [ -6.075197017999926, 40.40344583500007 ], [ -6.082124754999938, 40.403455605000033 ], [ -6.101623643999972, 40.414215887000069 ], [ -6.113685788999931, 40.415455393000059 ], [ -6.118022521999933, 40.415901035000047 ], [ -6.119016662999968, 40.41757209900004 ], [ -6.120075610999947, 40.419352098000047 ], [ -6.122309186999928, 40.420021708000036 ], [ -6.12842287999996, 40.421854549000045 ], [ -6.123061585999949, 40.430508159000055 ], [ -6.116170097999941, 40.441631639000036 ], [ -6.130039634999946, 40.437905173000047 ], [ -6.13555944899997, 40.43642211000008 ], [ -6.145963208999945, 40.43643697300007 ], [ -6.150988385999938, 40.442386322000061 ], [ -6.154745765999962, 40.44683471500008 ], [ -6.155212576999929, 40.454832969000051 ], [ -6.175024248999932, 40.461144963000038 ], [ -6.182456910999974, 40.463513007000074 ], [ -6.193070362999947, 40.475228941000069 ], [ -6.198729571999934, 40.481476005000047 ], [ -6.237772821999954, 40.486017529000037 ], [ -6.250905451999927, 40.474416028000064 ], [ -6.254897159999928, 40.470889711000041 ], [ -6.25706424599997, 40.470893945000057 ], [ -6.264836983999942, 40.470909130000052 ], [ -6.268487891999939, 40.467609632000062 ], [ -6.270084943999962, 40.463447686000052 ], [ -6.271052517999976, 40.460926172000029 ], [ -6.275371677999942, 40.458561020000047 ], [ -6.279306161999955, 40.45817426800005 ], [ -6.287170732999925, 40.457401197000024 ], [ -6.290645968999968, 40.455297528000074 ], [ -6.296037784999953, 40.452033693000033 ], [ -6.315403750999963, 40.449443416000065 ], [ -6.33585858999993, 40.44670749800008 ], [ -6.343780848999927, 40.442850925000073 ], [ -6.34721510199995, 40.436806034000028 ], [ -6.348220965999928, 40.435035535000054 ], [ -6.35732317399993, 40.428428116000077 ], [ -6.36559905799993, 40.42242053800004 ], [ -6.365265305999969, 40.417984791000038 ], [ -6.36454596599998, 40.417493217000072 ], [ -6.361502148999932, 40.415413169000033 ], [ -6.361914686999967, 40.407134871000039 ], [ -6.373710286999938, 40.40113315800005 ], [ -6.392974387999971, 40.399186899000028 ], [ -6.400092383999947, 40.400685938000038 ], [ -6.406206310999949, 40.401973522000048 ], [ -6.412942308999959, 40.400321802000065 ], [ -6.418747594999957, 40.398898300000042 ], [ -6.439491263999969, 40.381186055000057 ], [ -6.43894195799993, 40.377113936000057 ], [ -6.438363009999932, 40.372822076000034 ], [ -6.440441679999935, 40.372913395000069 ], [ -6.444945631999929, 40.371410420000075 ], [ -6.447115699999927, 40.371029153000052 ], [ -6.450289642999962, 40.37091842600006 ], [ -6.450837244999946, 40.370943451000073 ], [ -6.45537694199993, 40.371150915000044 ], [ -6.463262104999956, 40.372885999000061 ], [ -6.467593250999926, 40.372371567000073 ], [ -6.471425954999972, 40.370677945000068 ], [ -6.474769207999941, 40.370166920000031 ], [ -6.477840266999976, 40.368522330000076 ], [ -6.485895738999943, 40.363292631000036 ], [ -6.488231120999956, 40.363128614000061 ], [ -6.493485731999954, 40.362060018000079 ], [ -6.516429018999929, 40.354286690000038 ], [ -6.518096649999961, 40.353091972000072 ], [ -6.523281838999935, 40.352077645000065 ], [ -6.526861826999948, 40.350944549000076 ], [ -6.530601135999973, 40.349506552000037 ], [ -6.534118194999962, 40.347686364000026 ], [ -6.536334710999938, 40.347293925000031 ], [ -6.53865461099997, 40.345287539000026 ], [ -6.543522154999948, 40.342265857000029 ], [ -6.548080546999927, 40.338485329000036 ], [ -6.553014017999942, 40.335162963000073 ], [ -6.560462669999936, 40.329097997000076 ], [ -6.560266389999981, 40.326286531000051 ], [ -6.56064379999998, 40.325259698000025 ], [ -6.561313588999951, 40.32343738000003 ], [ -6.562902434999955, 40.319114554000066 ], [ -6.563054264999948, 40.316841143000033 ], [ -6.564797311999939, 40.314662861000045 ], [ -6.560396996999941, 40.309741834000079 ], [ -6.556923870999981, 40.305857715000059 ], [ -6.558968664999952, 40.296052854000038 ], [ -6.556228914999963, 40.290825129000041 ], [ -6.558386496999958, 40.290263974000027 ], [ -6.564380278999977, 40.28572084700005 ], [ -6.568479184999944, 40.283153322000032 ], [ -6.571097750999968, 40.279507032000026 ], [ -6.574729180999952, 40.277672002000031 ], [ -6.579493341999978, 40.276386384000034 ], [ -6.580649069999936, 40.275888132000034 ], [ -6.583139255999981, 40.274814574000061 ], [ -6.584772173999966, 40.273138491000054 ], [ -6.587074844999961, 40.270774950000032 ], [ -6.592440830999976, 40.270839352000053 ], [ -6.596821700999953, 40.271583657000065 ], [ -6.597471692999932, 40.27169409000004 ], [ -6.598171863999937, 40.27144101600004 ], [ -6.606885642999941, 40.268291459000068 ], [ -6.61485670899998, 40.266116947000057 ], [ -6.625292013999967, 40.266616946000056 ], [ -6.632755648999932, 40.264854357000047 ], [ -6.634651524999981, 40.264701914000057 ], [ -6.636150344999976, 40.266547968000054 ], [ -6.637349238999946, 40.267302046000054 ], [ -6.640008021999961, 40.268974361000062 ], [ -6.643111043999966, 40.267868071000066 ], [ -6.671808881999937, 40.263286471000072 ], [ -6.67345503699994, 40.261550855000053 ], [ -6.677780188999975, 40.258052046000046 ], [ -6.677801108999972, 40.254363362000049 ], [ -6.677820144999941, 40.251007001000062 ], [ -6.682788076999941, 40.248733967000078 ], [ -6.68763185399996, 40.246971684000073 ], [ -6.688515158999962, 40.246650316000057 ], [ -6.689039333999972, 40.245913408000035 ], [ -6.689825689999964, 40.244807914000035 ], [ -6.690193776999934, 40.24271384900004 ], [ -6.702515166999945, 40.25070573000005 ], [ -6.706272569999953, 40.256917350000037 ], [ -6.712103600999967, 40.266557026000044 ], [ -6.718385033999937, 40.268728735000025 ], [ -6.720734291999975, 40.267389018000074 ], [ -6.752207849999934, 40.249440524000079 ], [ -6.753665464999926, 40.24502295700006 ], [ -6.755660906999935, 40.23897540400003 ], [ -6.765714909999929, 40.241924849000043 ], [ -6.778157194999949, 40.245574920000024 ], [ -6.781612821999943, 40.249145657000042 ], [ -6.80043687999995, 40.249607998000045 ], [ -6.800791918999948, 40.245235824000076 ], [ -6.800979112999926, 40.242930607000062 ], [ -6.805170847999932, 40.241828664000025 ], [ -6.819650145999958, 40.24454250000008 ], [ -6.823636688999954, 40.24739217900003 ], [ -6.824451027999942, 40.247974289000069 ], [ -6.830109982999943, 40.248003204000042 ], [ -6.834845934999976, 40.248027403000037 ], [ -6.837604600999953, 40.251357996000024 ], [ -6.840556208999942, 40.254921531000036 ], [ -6.842489774999933, 40.254788052000038 ], [ -6.846865691999938, 40.254485972000055 ], [ -6.863511715999948, 40.269246925000061 ], [ -6.865144205999968, 40.270694544000037 ], [ -6.861195381999948, 40.299692130000039 ], [ -6.840238202999956, 40.314222877000077 ], [ -6.819980072999954, 40.323833256000057 ], [ -6.806538023999963, 40.325358010000059 ], [ -6.80070448999993, 40.326019718000055 ], [ -6.79100729299995, 40.333877678000079 ], [ -6.791990590999944, 40.343406969000057 ], [ -6.79323184499998, 40.355436144000066 ], [ -6.78630246299997, 40.361711648000039 ], [ -6.782038624999927, 40.36557313600008 ], [ -6.800592550999966, 40.379001435000077 ], [ -6.802627168999948, 40.380345875000046 ], [ -6.808881740999936, 40.384478785000056 ], [ -6.810118710999973, 40.387264444000039 ], [ -6.811272480999946, 40.389862735000065 ], [ -6.816224491999947, 40.392903239000077 ], [ -6.823399478999931, 40.397308636000048 ], [ -6.835322668999936, 40.409369480000066 ], [ -6.845052223999971, 40.436332351000033 ], [ -6.848107798999933, 40.45544067000003 ], [ -6.833463710999979, 40.476799112000037 ], [ -6.82937579299994, 40.479682557000046 ], [ -6.827456942999959, 40.480575678000037 ], [ -6.822769695999966, 40.483810341000037 ], [ -6.821764822999967, 40.486259311000026 ], [ -6.819964839999955, 40.488208320000069 ], [ -6.814036234999946, 40.501941733000081 ], [ -6.80393414699995, 40.507779386000038 ], [ -6.795990366999945, 40.512369826000054 ], [ -6.797613086999945, 40.52278683000003 ], [ -6.801285689999929, 40.527538308000032 ], [ -6.803016333999949, 40.529777351000064 ], [ -6.804923114999951, 40.54013158500004 ], [ -6.80480460299998, 40.540488065000034 ], [ -6.80173446699996, 40.549722952000025 ], [ -6.805835477999949, 40.554225317000032 ], [ -6.819867433999946, 40.558769656000038 ], [ -6.844637188999968, 40.566791501000068 ], [ -6.843609839999942, 40.570671123000068 ], [ -6.841443767999976, 40.574721987000032 ], [ -6.841026734999957, 40.576484443000027 ], [ -6.837812337999935, 40.579780482000047 ], [ -6.836990758999946, 40.582976980000069 ], [ -6.836757020999926, 40.585693523000032 ], [ -6.837706455999978, 40.589370656000028 ], [ -6.835998282999981, 40.59598744300007 ], [ -6.821410751999963, 40.610077063000062 ], [ -6.820817855999962, 40.610649722000062 ], [ -6.813009634999958, 40.622371977000057 ], [ -6.811306043999934, 40.625694184000054 ], [ -6.807910349999929, 40.629581381000037 ], [ -6.806012975999977, 40.633426660000055 ], [ -6.804380804999937, 40.638301829000056 ], [ -6.799121765999928, 40.654558534000046 ], [ -6.793930516999978, 40.661743374000025 ], [ -6.798879678999981, 40.664562537000052 ], [ -6.803625215999944, 40.667265710000038 ], [ -6.804586074999975, 40.672999876000063 ], [ -6.803689859999963, 40.67838077600004 ], [ -6.803083370999957, 40.68202215000008 ], [ -6.812704791999977, 40.707082017000062 ], [ -6.812160086999938, 40.718906666000066 ], [ -6.820579321999958, 40.726899249000041 ], [ -6.823939891999942, 40.730089520000035 ], [ -6.829323435999981, 40.740695827000025 ], [ -6.830735352999966, 40.75282745700008 ], [ -6.828623834999973, 40.758718352000074 ], [ -6.828349442999979, 40.759483876000047 ], [ -6.828206830999932, 40.760669717000042 ], [ -6.825457433999929, 40.78353136800007 ], [ -6.821749385999965, 40.790887213000076 ], [ -6.819901909999942, 40.794552147000047 ], [ -6.817315300999951, 40.805362242000058 ], [ -6.819783396999981, 40.813773963000074 ], [ -6.822518981999963, 40.823097337000036 ], [ -6.824410082999975, 40.843832464000059 ], [ -6.810247966999952, 40.844667777000041 ], [ -6.802198250999936, 40.845142567000039 ], [ -6.801935045999926, 40.861045980000029 ], [ -6.807456857999966, 40.876678587000072 ], [ -6.810009140999966, 40.881984774000045 ], [ -6.814967197999977, 40.881751277000035 ], [ -6.819554283999935, 40.88153525000007 ], [ -6.838180786999942, 40.889657612000065 ], [ -6.849657062999938, 40.903216973000042 ], [ -6.849614945999974, 40.911740753000061 ], [ -6.849554615999978, 40.923950704000049 ], [ -6.857432348999964, 40.942421161000027 ], [ -6.858105594999927, 40.943165117000035 ], [ -6.861355481999965, 40.950119089000054 ], [ -6.863511715999948, 40.952121053000042 ], [ -6.87071895899993, 40.95881264500008 ], [ -6.882068899999979, 40.967867372000057 ], [ -6.886295745999973, 40.971239455000045 ], [ -6.888989305999928, 40.974518569000054 ], [ -6.908498938999969, 40.998269409000045 ], [ -6.917918019999945, 41.002321933000076 ], [ -6.921210253999959, 41.003738404000046 ], [ -6.93066622799995, 41.017081200000064 ], [ -6.929864671999951, 41.029336232000048 ], [ -6.914261726999939, 41.03853773000003 ], [ -6.905738970999948, 41.036179470000036 ], [ -6.877051869999946, 41.028241704000038 ], [ -6.863511715999948, 41.027554206000048 ], [ -6.85306174699997, 41.027023611000061 ], [ -6.832919820999962, 41.029113941000048 ], [ -6.827956383999947, 41.031093438000028 ], [ -6.822433572999955, 41.031845059000034 ], [ -6.814615834999927, 41.03525531400004 ], [ -6.812536164999926, 41.035899897000036 ], [ -6.808374828999945, 41.03652601400006 ], [ -6.808134221999978, 41.040948436000065 ], [ -6.807936317999975, 41.044585981000068 ], [ -6.801049874999933, 41.049371134000069 ], [ -6.791918967999948, 41.055715887000076 ], [ -6.774760500999946, 41.073898414000041 ], [ -6.770564897999975, 41.085552359000076 ], [ -6.754730721999977, 41.102619356000048 ], [ -6.761163863999968, 41.111965960000077 ], [ -6.769733052999925, 41.124415991000035 ], [ -6.767888702999926, 41.133510453000042 ], [ -6.75725267599995, 41.138859264000075 ], [ -6.749213132999955, 41.142902315000072 ], [ -6.741312021999931, 41.150820114000055 ], [ -6.729381349999926, 41.162775987000032 ], [ -6.720734291999975, 41.167386537000027 ], [ -6.715547830999981, 41.17015192100007 ], [ -6.710054078999974, 41.173081151000076 ], [ -6.699320560999979, 41.183084639000072 ], [ -6.696829340999955, 41.189262646000032 ], [ -6.697530124999957, 41.191345887000068 ], [ -6.697987652999927, 41.19270599400005 ], [ -6.695973988999981, 41.194138186000032 ], [ -6.689670201999945, 41.198621672000058 ], [ -6.689786233999939, 41.205241375000071 ], [ -6.690603498999963, 41.208714502000078 ], [ -6.68011873699993, 41.21843530600006 ], [ -6.662765064999974, 41.229967080000051 ], [ -6.653042866999954, 41.236427626000079 ], [ -6.651000694999937, 41.240732060000028 ], [ -6.647899177999932, 41.247269352000046 ], [ -6.640940850999925, 41.245625471000039 ], [ -6.630123797999943, 41.24306998000003 ], [ -6.609162754999943, 41.249255757000071 ], [ -6.608934610999938, 41.249323084000025 ], [ -6.60886168899998, 41.249290150000036 ], [ -6.599259422999978, 41.244953472000077 ], [ -6.594285662999937, 41.25095529500004 ], [ -6.591189185999951, 41.25469180500005 ], [ -6.587097915999948, 41.252090693000071 ], [ -6.586160165999956, 41.246980350000058 ], [ -6.585584938999943, 41.243845602000079 ], [ -6.58134776299994, 41.239524652000057 ], [ -6.57643027499995, 41.238823103000072 ], [ -6.571266561999948, 41.23906308800008 ], [ -6.567408884999963, 41.242702182000073 ], [ -6.553079054999955, 41.245747994000055 ], [ -6.548940261999974, 41.252962831000048 ], [ -6.545991252999954, 41.258103609000045 ], [ -6.519146972999977, 41.275247095000054 ], [ -6.514311261999978, 41.268770620000055 ], [ -6.511368170999958, 41.264828933000047 ], [ -6.501112184999954, 41.265148167000063 ], [ -6.480443630999957, 41.274532873000055 ], [ -6.480273850999936, 41.27747546300003 ], [ -6.484061360999931, 41.28047484700005 ], [ -6.49099468299994, 41.285965446000034 ], [ -6.479713167999932, 41.29437983400004 ], [ -6.469721349999929, 41.30053775600004 ], [ -6.460982396999952, 41.299216136000041 ], [ -6.455760011999928, 41.29842633800007 ], [ -6.439594682999939, 41.30453286200003 ], [ -6.436473130999957, 41.314212699000052 ], [ -6.435122044999957, 41.318402374000073 ], [ -6.432863340999972, 41.319614911000031 ], [ -6.420370322999929, 41.326321517000054 ], [ -6.424614644999963, 41.331959450000056 ], [ -6.42615197799995, 41.334001562000026 ], [ -6.419983607999939, 41.343623999000044 ], [ -6.412942308999959, 41.348683943000026 ], [ -6.39981049599993, 41.35104971700008 ], [ -6.387203844999931, 41.353320880000069 ], [ -6.377753052999935, 41.361371720000079 ], [ -6.386301809999964, 41.363934464000067 ], [ -6.387475923999943, 41.364286440000058 ], [ -6.393061411999952, 41.370195549000073 ], [ -6.391473059999953, 41.383747024000058 ], [ -6.373710286999938, 41.39046920800007 ], [ -6.36688726899996, 41.392765034000035 ], [ -6.364050353999971, 41.387760130000061 ], [ -6.361404160999939, 41.383091701000069 ], [ -6.35201722499994, 41.378493289000062 ], [ -6.328705145999947, 41.386152095000057 ], [ -6.326678676999961, 41.386817858000029 ], [ -6.326493089999929, 41.386802885000066 ], [ -6.318309555999974, 41.386142624000058 ], [ -6.316501188999951, 41.390731198000026 ], [ -6.319021564999957, 41.398752647000038 ], [ -6.324514529999931, 41.401627896000036 ], [ -6.331253931999981, 41.405155582000077 ], [ -6.333195673999967, 41.409431248000033 ], [ -6.328023693999967, 41.415187056000036 ], [ -6.319751794999945, 41.417023857000061 ], [ -6.310468895999975, 41.419085153000026 ], [ -6.296847969999931, 41.433042642000032 ], [ -6.296958629999949, 41.438579176000076 ], [ -6.302892480999958, 41.444784269000024 ], [ -6.30598936399997, 41.448022714000047 ], [ -6.298998642999948, 41.454774335000025 ], [ -6.28657336699996, 41.466774636000025 ], [ -6.285862277999968, 41.473436893000041 ], [ -6.285374966999939, 41.478002553000067 ], [ -6.269080434999978, 41.486393763000081 ], [ -6.266234920999977, 41.486437181000042 ], [ -6.262384232999977, 41.48649593600004 ], [ -6.264084976999925, 41.489990397000042 ], [ -6.266688009999939, 41.495338760000038 ], [ -6.260192213999972, 41.497338123000077 ], [ -6.252125679999949, 41.499820949000025 ], [ -6.25417624499994, 41.50869347400004 ], [ -6.255163489999973, 41.512965154000028 ], [ -6.249292922999928, 41.516017774000034 ], [ -6.240701532999935, 41.52048518600003 ], [ -6.219214981999926, 41.541200914000058 ], [ -6.216760367999939, 41.549392134000072 ], [ -6.215684769999939, 41.552981483000053 ], [ -6.209054691999938, 41.562113433000036 ], [ -6.19601870799994, 41.570670502000041 ], [ -6.189352081999971, 41.575046603000033 ], [ -6.202762777999965, 41.595653558000038 ], [ -6.226301143999933, 41.603999762000058 ], [ -6.234897537999927, 41.60704786000008 ], [ -6.241032738999934, 41.615324506000036 ], [ -6.254917774999967, 41.634056005000048 ], [ -6.288736161999964, 41.656606507000049 ], [ -6.302935785999978, 41.662902560000077 ], [ -6.309171910999964, 41.66418326400003 ], [ -6.315364356999964, 41.66545499800003 ], [ -6.315445956999952, 41.665482657000041 ], [ -6.319628577999936, 41.666900376000058 ], [ -6.322497861999977, 41.666984322000076 ], [ -6.357863441999939, 41.677091893000068 ], [ -6.373710286999938, 41.673994791000041 ], [ -6.378255373999934, 41.674457679000056 ], [ -6.405803368999955, 41.680672925000067 ], [ -6.412942308999959, 41.680293952000056 ], [ -6.419457719999969, 41.679948080000031 ], [ -6.425923955999963, 41.67960481800003 ], [ -6.43238876099997, 41.681746463000025 ], [ -6.439796902999944, 41.684200614000076 ], [ -6.45134545999997, 41.681594834000066 ], [ -6.456038216999957, 41.672106646000032 ], [ -6.458426237999959, 41.667278355000064 ], [ -6.467092757999978, 41.666340945000059 ], [ -6.469442157999936, 41.666086823000057 ], [ -6.471551357999942, 41.665157337000039 ], [ -6.48850198699995, 41.657687505000069 ], [ -6.500208197999939, 41.657492894000029 ], [ -6.512102367999944, 41.661262321000038 ], [ -6.515032583999925, 41.664550593000058 ], [ -6.518204528999945, 41.666785837000077 ], [ -6.519132988999957, 41.668838566000034 ], [ -6.525796520999961, 41.672973672000069 ], [ -6.527685902999963, 41.675041125000064 ], [ -6.534637612999973, 41.676521354000045 ], [ -6.536900076999927, 41.677747143000033 ], [ -6.541843036999978, 41.680423579000035 ], [ -6.548242364999965, 41.685638485000027 ], [ -6.55348399099995, 41.693500517000075 ], [ -6.553184612999928, 41.700919895000027 ], [ -6.546164468999962, 41.69989281800008 ], [ -6.545602450999979, 41.699810592000063 ], [ -6.543083047999971, 41.702181546000077 ], [ -6.549029583999925, 41.712283611000032 ], [ -6.553940074999957, 41.720625627000061 ], [ -6.55334716599998, 41.72138926000008 ], [ -6.550503914999979, 41.725051204000067 ], [ -6.555534051999928, 41.726279005000038 ], [ -6.557428769999945, 41.730068258000074 ], [ -6.55681878799993, 41.737394636000033 ], [ -6.562616100999946, 41.740937167000027 ], [ -6.568127229999959, 41.744304820000025 ], [ -6.564953389999971, 41.750790617000064 ], [ -6.561451190999946, 41.753051473000028 ], [ -6.556044365999981, 41.756541866000077 ], [ -6.554885919999947, 41.767627830000038 ], [ -6.544745632999934, 41.783908789000066 ], [ -6.545458608999979, 41.789278455000044 ], [ -6.546078838999961, 41.793949618000056 ], [ -6.537622766999959, 41.812984469000071 ], [ -6.53314818399997, 41.817164479000041 ], [ -6.529635996999957, 41.820445450000079 ], [ -6.530270746999975, 41.826193678000038 ], [ -6.531316422999964, 41.835663220000072 ], [ -6.524599830999932, 41.851109227000052 ], [ -6.523289815999931, 41.854121841000051 ], [ -6.523577413999931, 41.855601286000081 ], [ -6.524554768999963, 41.860628944000041 ], [ -6.521714781999947, 41.86378488500003 ], [ -6.517760056999975, 41.868179579000071 ], [ -6.517026769999973, 41.873303390000046 ], [ -6.549318078999931, 41.879462918000058 ], [ -6.571177660999979, 41.883632606000049 ], [ -6.564469739999936, 41.892540893000046 ], [ -6.56064615799994, 41.89761870500007 ], [ -6.55686193899993, 41.911382352000032 ], [ -6.552927731999944, 41.918356126000049 ], [ -6.545971409999936, 41.930686901000058 ], [ -6.545839058999945, 41.93593943500008 ], [ -6.549125375999949, 41.944511539000075 ], [ -6.552586995999945, 41.946239640000044 ], [ -6.55637874699994, 41.94871506700008 ], [ -6.561254781999935, 41.95266351600003 ], [ -6.573791231999962, 41.96067406700007 ], [ -6.577483905999941, 41.961686180000072 ], [ -6.577563503999954, 41.961707997000076 ], [ -6.580031591999955, 41.963315032000025 ], [ -6.583211673999926, 41.965385664000053 ], [ -6.58846129099993, 41.967761941000049 ], [ -6.591508611999927, 41.962342083000067 ], [ -6.598738569999966, 41.949483134000047 ], [ -6.611510160999956, 41.94714966600003 ], [ -6.618847805999962, 41.941057393000051 ], [ -6.627139779999936, 41.941405175000057 ], [ -6.637600249999934, 41.941843907000077 ], [ -6.677048790999947, 41.93634718800007 ], [ -6.696895845999961, 41.933581720000063 ], [ -6.706292234999978, 41.935272535000081 ], [ -6.720734291999975, 41.938018673000045 ], [ -6.749992311999961, 41.943582048000053 ], [ -6.76597753599998, 41.97263398900003 ], [ -6.76699001399993, 41.976843315000053 ], [ -6.768688805999943, 41.983905951000054 ], [ -6.780839580999952, 41.988048595000066 ], [ -6.796917785999938, 41.989912817000061 ], [ -6.802518168999939, 41.990562166000075 ], [ -6.805578462999961, 41.990916998000046 ], [ -6.811469859999931, 41.992530996000028 ], [ -6.811044459999948, 41.984994934000042 ], [ -6.810209272999941, 41.97019939900008 ], [ -6.811496330999944, 41.96738799600007 ], [ -6.821102260999965, 41.947223640000061 ], [ -6.831010959999958, 41.944118512000045 ], [ -6.845331268999928, 41.942684790000044 ], [ -6.855753657999969, 41.944044975000054 ], [ -6.863511715999948, 41.945057448000057 ], [ -6.871924107999973, 41.946155316000045 ], [ -6.875737441999945, 41.944529829000032 ], [ -6.885401691999959, 41.940410307000036 ], [ -6.930353529999934, 41.945854946000054 ], [ -6.933738754999979, 41.946264970000072 ], [ -6.93574861899998, 41.945985844000063 ], [ -6.943593286999942, 41.944896391000043 ], [ -6.953160236999963, 41.96051488300003 ], [ -6.958326925999927, 41.968949743000053 ], [ -6.977297154999974, 41.973618358000067 ], [ -6.985800483999981, 41.971447057000034 ], [ -6.990503170999943, 41.988934775000075 ], [ -6.983488561999934, 41.998073819000069 ], [ -6.963861605999966, 42.023644971000067 ], [ -6.961131131999934, 42.027202393000039 ], [ -6.96600723499995, 42.032497453000076 ], [ -6.973292039999933, 42.04040817200007 ], [ -6.974038557999961, 42.04779590000004 ], [ -6.974782332999951, 42.055156489000069 ], [ -6.98664630899998, 42.052986597000029 ], [ -6.994414086999939, 42.051565889000074 ], [ -7.011058244999958, 42.052431054000067 ], [ -7.030405237999958, 42.063792914000032 ], [ -7.034032429999968, 42.071551935000059 ], [ -7.021339815999966, 42.082084956000074 ], [ -7.010701001999962, 42.083891470000026 ], [ -7.003251927999941, 42.085156354000048 ], [ -7.002230784999938, 42.092001654000057 ], [ -7.001434667999945, 42.097338476000061 ], [ -6.998630402999936, 42.098311300000034 ], [ -6.990650617999961, 42.101079558000038 ], [ -6.988761014999966, 42.115607342000033 ], [ -6.987863689999926, 42.122506224000063 ], [ -6.976899145999937, 42.124954903000059 ], [ -6.956341714999951, 42.129545933000031 ], [ -6.944616639999936, 42.142385392000051 ], [ -6.945425732999979, 42.145337923000056 ], [ -6.941687921999971, 42.16176263400007 ], [ -6.941510324999967, 42.163568213000076 ], [ -6.941017173999967, 42.168581932000052 ], [ -6.943846502999975, 42.171860456000047 ], [ -6.915632605999974, 42.18820480200003 ], [ -6.906100942999956, 42.189383614000064 ], [ -6.900747611999975, 42.190045678000047 ], [ -6.889534813999944, 42.201261084000066 ], [ -6.890655734999939, 42.204689906000056 ], [ -6.89175533699995, 42.208053515000074 ], [ -6.887123119999956, 42.213743448000059 ], [ -6.863511715999948, 42.22343604100007 ], [ -6.855667320999942, 42.226656202000072 ], [ -6.828593130999934, 42.225736530000063 ], [ -6.803561369999954, 42.218637478000062 ], [ -6.800229521999938, 42.214932230000045 ], [ -6.796169265999936, 42.210416941000062 ], [ -6.790116478999948, 42.215727708000031 ], [ -6.797477946999948, 42.228382934000081 ], [ -6.802442441999972, 42.236917482000081 ], [ -6.794886926999936, 42.244417318000046 ], [ -6.794216196999969, 42.249543945000028 ], [ -6.791479763999973, 42.252143973000045 ], [ -6.787552664999964, 42.254165363000027 ], [ -6.784307801999944, 42.25360863700007 ], [ -6.767567055999962, 42.257576652000068 ], [ -6.766440818999968, 42.263298650000081 ], [ -6.764629962999948, 42.272498951000046 ], [ -6.747728704999929, 42.291892404000066 ], [ -6.742258859999936, 42.298168812000029 ], [ -6.742233422999959, 42.30028967700008 ], [ -6.742186038999932, 42.304240519000075 ], [ -6.739922737999962, 42.30803340600005 ], [ -6.733981702999927, 42.317989516000068 ], [ -6.738587216999974, 42.326554189000035 ], [ -6.740214748999961, 42.329580840000062 ], [ -6.737182192999967, 42.346038817000078 ], [ -6.734876784999926, 42.358550494000042 ], [ -6.757948779999936, 42.366899579000062 ], [ -6.761364145999949, 42.366468878000035 ], [ -6.766000565999946, 42.365884193000056 ], [ -6.768415291999929, 42.369716779000044 ], [ -6.774142693999977, 42.378807151000046 ], [ -6.802826760999949, 42.385567402000049 ], [ -6.803509131999931, 42.385728223000058 ], [ -6.820387847999939, 42.386434322000071 ], [ -6.824486670999931, 42.392232861000025 ], [ -6.833541043999958, 42.396054824000032 ], [ -6.84237001799994, 42.404637043000037 ], [ -6.839030401999935, 42.408350583000072 ], [ -6.831289929999969, 42.409819273000039 ], [ -6.829897207999977, 42.410083530000065 ], [ -6.829442344999961, 42.41205442200004 ], [ -6.828465455999947, 42.416287212000043 ], [ -6.822100865999971, 42.421339351000029 ], [ -6.823539603999961, 42.425518443000044 ], [ -6.819648608999955, 42.426536314000032 ], [ -6.815926966999939, 42.427509884000074 ], [ -6.820069829999966, 42.431872941000051 ], [ -6.821097317999943, 42.432955040000024 ], [ -6.822169609999946, 42.451779105000071 ], [ -6.816415313999926, 42.45680539500006 ], [ -6.811435897999957, 42.461154840000063 ], [ -6.809353543999975, 42.469198849000065 ], [ -6.821232653999971, 42.482160737000072 ], [ -6.824237275999963, 42.485439229000065 ], [ -6.82415132999995, 42.486796672000025 ], [ -6.823891101999948, 42.49090671700003 ], [ -6.833567594999977, 42.492847180000069 ], [ -6.837118593999946, 42.494356587000027 ], [ -6.841485293999938, 42.489719924000042 ], [ -6.841796020999936, 42.489389986000049 ], [ -6.853551490999962, 42.487627516000032 ], [ -6.863511715999948, 42.492025999000077 ], [ -6.866885194999952, 42.493515744000035 ], [ -6.880188719999978, 42.499390644000073 ], [ -6.887875393999934, 42.501713754000036 ], [ -6.909114545999955, 42.508132770000032 ], [ -6.914837263999971, 42.508012108000059 ], [ -6.921533441999941, 42.514859367000042 ], [ -6.925868006999963, 42.519291729000031 ], [ -6.934938985999963, 42.519161395000026 ], [ -6.960829142999955, 42.51676408000003 ], [ -6.966041013999927, 42.511236286000042 ], [ -6.96901461899995, 42.504417825000075 ], [ -6.973552710999968, 42.494012001000044 ], [ -6.98122903899997, 42.493886208000049 ], [ -6.991202447999967, 42.497525199000052 ], [ -6.996879971999931, 42.499596754000038 ], [ -7.000956498999926, 42.50569841600003 ], [ -7.004457574999947, 42.503928490000078 ], [ -7.019626074999962, 42.501560165000058 ], [ -7.020696696999948, 42.501123408000069 ], [ -7.028684922999958, 42.497864632000073 ], [ -7.03147960299998, 42.502438890000064 ], [ -7.032642986999974, 42.504343085000073 ], [ -7.045751295999935, 42.507779037000034 ], [ -7.051879927999948, 42.508643150000069 ], [ -7.056038766999961, 42.507847151000078 ], [ -7.059876964999944, 42.506603427000073 ], [ -7.062439093999956, 42.507079859000044 ], [ -7.068036647999975, 42.506898738000075 ], [ -7.073817840999936, 42.50671167400003 ], [ -7.077069196999958, 42.508000681000055 ], [ -7.071005829999933, 42.511295893000067 ], [ -7.060283997999932, 42.529000206000035 ], [ -7.061677003999932, 42.536486706000062 ], [ -7.062998041999947, 42.536847786000067 ], [ -7.069708023999965, 42.538681827000062 ], [ -7.062776215999975, 42.553255561000071 ], [ -7.057014798999944, 42.558760472000074 ], [ -7.055664719999982, 42.566243704000044 ], [ -7.044081192999954, 42.575628985000037 ], [ -7.035383983999964, 42.582675696000081 ], [ -7.03427365899995, 42.587470842000073 ], [ -7.041737722999926, 42.589538074000075 ], [ -7.042772647999925, 42.589824705000069 ], [ -7.049147954999967, 42.597590758000081 ], [ -7.046293602999981, 42.604188908000026 ], [ -7.047748557999967, 42.625522399000033 ], [ -7.044465534999972, 42.634298540000032 ], [ -7.02207227599996, 42.643637927000043 ], [ -7.020821443999978, 42.643581758000039 ], [ -7.004335211999944, 42.642841437000072 ], [ -7.010257628999966, 42.649383887000056 ], [ -7.016801090999934, 42.651267824000058 ], [ -7.020385626999939, 42.652299852000056 ], [ -7.018038473999979, 42.654291895000028 ], [ -7.013894551999954, 42.657808868000075 ], [ -7.016558805999978, 42.664287904000048 ], [ -7.024698977999947, 42.670569672000056 ], [ -7.031404122999959, 42.675744029000043 ], [ -7.035325815999954, 42.685084336000045 ], [ -7.044046799999933, 42.694541145000073 ], [ -7.01312687199993, 42.721955255000069 ], [ -6.990173083999935, 42.726573832000042 ], [ -6.987943472999973, 42.723840323000047 ], [ -6.983716818999937, 42.718658435000066 ], [ -6.972862483999961, 42.724967939000067 ], [ -6.969087714999944, 42.729343414000027 ], [ -6.971032155999978, 42.734794249000061 ], [ -6.971894053999961, 42.737210401000027 ], [ -6.966908086999979, 42.741490014000078 ], [ -6.966470989999948, 42.748680473000036 ], [ -6.960306117999949, 42.753974223000057 ], [ -6.954851985999937, 42.75373757400007 ], [ -6.950559576999979, 42.747437243000036 ], [ -6.946966695999947, 42.742163667000057 ], [ -6.937770379999961, 42.740937612000039 ], [ -6.909114545999955, 42.756580537000048 ], [ -6.904166972999974, 42.759532966000052 ], [ -6.90026973199997, 42.764876020000031 ], [ -6.896397551999939, 42.770184716000074 ], [ -6.892288578999967, 42.77581805300008 ], [ -6.879692177999971, 42.781911405000074 ], [ -6.867237418999935, 42.787936240000079 ], [ -6.86440741399997, 42.794079788000033 ], [ -6.865212136999958, 42.796644619000062 ], [ -6.867157369999973, 42.802844508000078 ], [ -6.863511715999948, 42.805042388000061 ], [ -6.856885845999955, 42.809036973000048 ], [ -6.854330824999977, 42.810577337000041 ], [ -6.851695717999974, 42.816761650000046 ], [ -6.851081281999939, 42.818203665000055 ], [ -6.850512748999961, 42.818522311000038 ], [ -6.841484373999947, 42.823582443000078 ], [ -6.843270267999969, 42.828349268000068 ], [ -6.841322902999934, 42.832309332000079 ], [ -6.843151353999929, 42.832824662000064 ], [ -6.845649054999967, 42.832859090000056 ], [ -6.847647515999938, 42.833261696000079 ], [ -6.848185212999965, 42.833370020000075 ], [ -6.851212819999944, 42.837344875000042 ], [ -6.853107196999929, 42.838684174000036 ], [ -6.854331823999928, 42.842193609000049 ], [ -6.859479054999952, 42.848479917000077 ], [ -6.863511715999948, 42.857147854000061 ], [ -6.871256355999947, 42.873794442000076 ], [ -6.863511715999948, 42.875213602000031 ], [ -6.857869858999948, 42.876247439000053 ], [ -6.833717926999952, 42.882011340000076 ], [ -6.837372579999965, 42.878448460000072 ], [ -6.835087553999927, 42.875308661000076 ], [ -6.833144044999926, 42.872638132000077 ], [ -6.822032689999958, 42.868558161000067 ], [ -6.816703333999953, 42.870404409000059 ], [ -6.826363522999941, 42.878878800000052 ], [ -6.828479411999979, 42.890853226000047 ], [ -6.83182037499995, 42.895706620000055 ], [ -6.839216126999929, 42.906450377000056 ], [ -6.824167129999978, 42.915012470000079 ], [ -6.773512787999948, 42.899844219000045 ], [ -6.768182003999925, 42.892941498000027 ], [ -6.769340410999973, 42.890603468000052 ], [ -6.772854891999941, 42.88351013700003 ], [ -6.756648299999938, 42.883011157000055 ], [ -6.74762291199994, 42.894905502000029 ], [ -6.736879685999952, 42.903498576000061 ], [ -6.720734291999975, 42.916412626000067 ], [ -6.714574977999973, 42.91575021400007 ], [ -6.711392038999975, 42.915407901000037 ], [ -6.697987436999938, 42.91956646400007 ], [ -6.689441981999948, 42.922217554000042 ], [ -6.638764914999967, 42.92541086500006 ], [ -6.63574990199993, 42.92397285800007 ], [ -6.627675636999925, 42.920121847000075 ], [ -6.620526294999934, 42.922093075000078 ], [ -6.613731332999976, 42.923966593000046 ], [ -6.61016393999995, 42.920813550000048 ], [ -6.605110600999978, 42.91634715400005 ], [ -6.586490049999952, 42.917890342000078 ], [ -6.580491360999929, 42.918387486000029 ], [ -6.57418895099994, 42.916371424000033 ], [ -6.569046549999939, 42.914726435000034 ], [ -6.542705612999953, 42.912710579000077 ], [ -6.537942600999941, 42.918058614000074 ], [ -6.534700811999926, 42.921698581000044 ], [ -6.51967338299994, 42.925815340000042 ], [ -6.511773150999943, 42.927439876000051 ], [ -6.509702508999965, 42.92786566500007 ], [ -6.500327784999968, 42.924403052000059 ], [ -6.490706057999944, 42.92084920700006 ], [ -6.488611488999936, 42.924093126000059 ], [ -6.485407940999949, 42.929054551000036 ], [ -6.478893278999976, 42.933023329000036 ], [ -6.460790876999965, 42.934881372000063 ], [ -6.449268506999942, 42.936064036000062 ], [ -6.447364421999964, 42.937068981000039 ], [ -6.44503003799997, 42.937625851000064 ], [ -6.441593888999932, 42.939521655000078 ], [ -6.433087421999971, 42.939705565000054 ], [ -6.439411563999954, 42.946651264000025 ], [ -6.440981312999952, 42.948375293000026 ], [ -6.438752743999942, 42.954731847000062 ], [ -6.435351048999962, 42.964434511000036 ], [ -6.458480062999968, 42.966438990000029 ], [ -6.472995695999941, 42.967696990000036 ], [ -6.473153775999947, 42.975901896000039 ], [ -6.477886114999933, 42.982891092000045 ], [ -6.476725318999968, 42.990316280000059 ], [ -6.471431877999976, 42.990773764000039 ], [ -6.467228830999943, 42.988305182000033 ], [ -6.461253607999936, 42.984795745000042 ], [ -6.450739849999934, 42.982878080000035 ], [ -6.43793836499998, 42.990958944000056 ], [ -6.437252577999971, 42.991391843000031 ], [ -6.435771169999953, 42.991155295000056 ], [ -6.422943825999937, 42.989107055000034 ], [ -6.409756173999938, 42.998734255000045 ], [ -6.410160106999967, 43.009930371000053 ], [ -6.410366303999979, 43.015645680000034 ], [ -6.407055935999949, 43.016125118000048 ], [ -6.402603468999928, 43.016769965000037 ], [ -6.394496424999943, 43.017944102000058 ], [ -6.391214132999949, 43.027580731000057 ], [ -6.393215580999936, 43.031438865000041 ], [ -6.396255900999961, 43.037299603000065 ], [ -6.389689445999977, 43.040410614000052 ], [ -6.385838963999959, 43.04066412800006 ], [ -6.374736276999954, 43.041395124000076 ], [ -6.364109318999965, 43.053689213000041 ], [ -6.359071872999948, 43.059516921000068 ], [ -6.347846342999958, 43.050436008000077 ], [ -6.332418322999956, 43.044563132000064 ], [ -6.327992993999942, 43.036820723000062 ], [ -6.32567690299993, 43.032768566000072 ], [ -6.297586319999937, 43.027842519000046 ], [ -6.289379476999954, 43.032089469000027 ], [ -6.284756236999954, 43.034481945000039 ], [ -6.27052809099996, 43.023659828000063 ], [ -6.259733702999938, 43.015449473000047 ], [ -6.244927233999931, 43.014226631000042 ], [ -6.237427829999945, 43.013607267000054 ], [ -6.234862237999948, 43.012627397000074 ], [ -6.22763049799994, 43.009865398000045 ], [ -6.228177399999936, 43.016125118000048 ], [ -6.228336321999961, 43.017944102000058 ], [ -6.228348327999981, 43.018081520000067 ], [ -6.228622264999956, 43.02121693600003 ], [ -6.217541130999962, 43.045323213000074 ], [ -6.209474805999946, 43.04449580000005 ], [ -6.196076940999944, 43.043121499000051 ], [ -6.191800614999977, 43.045782124000027 ], [ -6.186423017999971, 43.049127933000079 ], [ -6.167527150999945, 43.041820136000069 ], [ -6.165681158999973, 43.039080770000055 ], [ -6.162394396999957, 43.034203367000032 ], [ -6.155378341999949, 43.033906463000051 ], [ -6.150302694999937, 43.033691673000078 ], [ -6.143766384999935, 43.028074677000063 ], [ -6.136274200999935, 43.02163624800005 ], [ -6.12037638399994, 43.024256878000074 ], [ -6.115471441999944, 43.027536762000068 ], [ -6.114044192999927, 43.028491148000057 ], [ -6.102238334999981, 43.030540098000074 ], [ -6.097358312999972, 43.031387044000041 ], [ -6.09063711999994, 43.037933190000047 ], [ -6.093449760999931, 43.046825696000042 ], [ -6.094240300999957, 43.049325084000031 ], [ -6.090806314999952, 43.057889080000052 ], [ -6.09125411499997, 43.065745875000061 ], [ -6.084547954999948, 43.069822538000039 ], [ -6.081288690999941, 43.075895334000052 ], [ -6.075184504999925, 43.071698557000047 ], [ -6.06737994599996, 43.066332731000045 ], [ -6.05885283899994, 43.066937185000029 ], [ -6.052221222999947, 43.067407275000051 ], [ -6.030578574999936, 43.058694041000081 ], [ -6.019373906999931, 43.054183092000073 ], [ -6.004260517999967, 43.058048857000074 ], [ -5.996772652999937, 43.058473836000076 ], [ -5.994797366999933, 43.060435010000049 ], [ -5.988347271999942, 43.066839024000046 ], [ -5.974574218999976, 43.064467174000072 ], [ -5.972570602999951, 43.05952824600007 ], [ -5.963478577999979, 43.054191080000066 ], [ -5.963517937999939, 43.048661708000054 ], [ -5.966201865999949, 43.044344932000058 ], [ -5.968700681999962, 43.040325888000041 ], [ -5.95984479599997, 43.028996360000065 ], [ -5.955872514999953, 43.017944102000058 ], [ -5.951541566999936, 43.016125118000048 ], [ -5.948245688999975, 43.014740860000074 ], [ -5.922503898999935, 43.003929391000042 ], [ -5.914536760999965, 42.996524009000041 ], [ -5.910218826999937, 42.992510530000061 ], [ -5.906931156999974, 42.992413818000045 ], [ -5.891663598999969, 42.99196470000004 ], [ -5.889420425999958, 42.982950736000078 ], [ -5.888485269999933, 42.979192905000048 ], [ -5.882356762999962, 42.979622873000039 ], [ -5.864980651999929, 42.980841959000031 ], [ -5.848765760999925, 42.968417402000057 ], [ -5.844416639999963, 42.96508491600008 ], [ -5.83658027599995, 42.965881471000046 ], [ -5.823237692999953, 42.967237725000075 ], [ -5.811782623999932, 42.964484387000027 ], [ -5.804005447999941, 42.962615066000069 ], [ -5.763477431999945, 42.971593670000061 ], [ -5.763770017999946, 42.977079596000067 ], [ -5.764341429999945, 42.987793427000042 ], [ -5.75094358399997, 43.006407022000076 ], [ -5.747083945999975, 43.016125118000048 ], [ -5.746361517999958, 43.017944102000058 ], [ -5.737538725999968, 43.022542795000049 ], [ -5.736562087999971, 43.023051847000033 ], [ -5.736194945999955, 43.024871790000077 ], [ -5.734749772999976, 43.03203559800005 ], [ -5.727817781999931, 43.041572756000051 ], [ -5.688379532999932, 43.056866498000034 ], [ -5.661294692999945, 43.047484466000071 ], [ -5.650468910999962, 43.043734477000044 ], [ -5.643137735999971, 43.037803646000043 ], [ -5.629480733999969, 43.033958551000069 ], [ -5.61224565599997, 43.034894850000057 ], [ -5.603714851999939, 43.035358288000054 ], [ -5.577394068999979, 43.032393114000058 ], [ -5.569948308999926, 43.024038219000033 ], [ -5.568481075999955, 43.022391835000064 ], [ -5.54165065899997, 43.018787739000061 ], [ -5.534947471999942, 43.022081746000026 ], [ -5.527218047999952, 43.025880056000062 ], [ -5.509525891999942, 43.028335445000039 ], [ -5.498929291999957, 43.023601174000078 ], [ -5.493756650999956, 43.021290180000051 ], [ -5.482271748999949, 43.039771737000081 ], [ -5.481846806999954, 43.042521036000039 ], [ -5.480318430999944, 43.052409363000038 ], [ -5.477089930999966, 43.054747626000051 ], [ -5.47018075099993, 43.052375529000074 ], [ -5.465900617999978, 43.050906050000037 ], [ -5.460356526999931, 43.052084041000057 ], [ -5.44628253299993, 43.05507443700003 ], [ -5.41858906799996, 43.050844785000038 ], [ -5.398858334999943, 43.047831290000033 ], [ -5.390455921999944, 43.049274405000062 ], [ -5.385351341999979, 43.075598905000049 ], [ -5.38318357199995, 43.086778174000074 ], [ -5.36567310199996, 43.093837004000079 ], [ -5.345401883999955, 43.093177143000048 ], [ -5.340923338999971, 43.088511827000048 ], [ -5.339259091999963, 43.086778174000074 ], [ -5.338384448999932, 43.08333951000003 ], [ -5.324687425999969, 43.079966415000058 ], [ -5.309927965999975, 43.083345612000073 ], [ -5.284188634999964, 43.078450061000069 ], [ -5.277116498999931, 43.082096603000025 ], [ -5.268037017999973, 43.086778174000074 ], [ -5.265973584999927, 43.087353292000046 ], [ -5.247815406999962, 43.088624473000039 ], [ -5.240198944999975, 43.086942002000058 ], [ -5.239457301999948, 43.086778174000074 ], [ -5.235797251999941, 43.085895583000081 ], [ -5.218103441999972, 43.084286760000055 ], [ -5.210987975999956, 43.086778174000074 ], [ -5.209042606999958, 43.089402629000062 ], [ -5.206832213999974, 43.092384621000065 ], [ -5.20474588299993, 43.09103798700005 ], [ -5.203959432999966, 43.090530368000032 ], [ -5.201196529999947, 43.090167826000027 ], [ -5.194027970999969, 43.095117286000061 ], [ -5.187689446999968, 43.099493658000029 ], [ -5.17863375099995, 43.100976416000037 ], [ -5.16893611699993, 43.102564284000039 ], [ -5.164811490999966, 43.10623724900006 ], [ -5.160800481999956, 43.109809038000037 ], [ -5.148533287999953, 43.114033903000063 ], [ -5.145229738999944, 43.110299539000039 ], [ -5.138456873999928, 43.102643426000043 ], [ -5.105273032999946, 43.102151349000053 ], [ -5.096686903999966, 43.107319496000059 ], [ -5.098753830999954, 43.116277135000075 ], [ -5.092157984999972, 43.130214920000071 ], [ -5.092303482999966, 43.133715690000031 ], [ -5.092711170999962, 43.143524953000053 ], [ -5.082807180999964, 43.15617612300008 ], [ -5.078942373999951, 43.161112955000078 ], [ -5.075893021999946, 43.16788119000006 ], [ -5.076166874999956, 43.171881623000047 ], [ -5.076559680999935, 43.17761973100005 ], [ -5.069281832999934, 43.176277051000056 ], [ -5.060990021999942, 43.174747307000075 ], [ -5.056243595999945, 43.179078987000025 ], [ -5.053666868999926, 43.181430558000045 ], [ -5.040974505999941, 43.184095451000076 ], [ -5.021441410999955, 43.183052347000057 ], [ -5.003974797999945, 43.176150275000055 ], [ -5.00271289899996, 43.174980477000076 ], [ -4.997620681999933, 43.170259918000056 ], [ -4.996689682999943, 43.176706576000072 ], [ -4.99537883499994, 43.185783480000055 ], [ -4.981258430999958, 43.199035177000042 ], [ -4.974662709999961, 43.20149708100007 ], [ -4.970761782999944, 43.202953132000061 ], [ -4.969920308999974, 43.203971826000043 ], [ -4.963781806999975, 43.211403145000077 ], [ -4.953593054999942, 43.214368469000078 ], [ -4.942717712999979, 43.224766174000081 ], [ -4.926878916999954, 43.226432286000033 ], [ -4.921033724999972, 43.227047153000058 ], [ -4.914447983999935, 43.23291916900007 ], [ -4.90890660499997, 43.237860006000062 ], [ -4.893512699999974, 43.23760958400004 ], [ -4.87028640099993, 43.227012472000069 ], [ -4.861455643999932, 43.217866593000053 ], [ -4.860687595999934, 43.21178935100005 ], [ -4.859890724999957, 43.205484047000027 ], [ -4.849727207999933, 43.194002873000045 ], [ -4.849284696999973, 43.193807874000072 ], [ -4.840800791999925, 43.190069310000069 ], [ -4.841023183999937, 43.180780116000051 ], [ -4.850753570999927, 43.173254052000061 ] ], [ [ -4.323202447999961, 40.65737101700006 ], [ -4.319343841999967, 40.647599403000072 ], [ -4.28693124199998, 40.652694931000042 ], [ -4.256563982999978, 40.65206442300007 ], [ -4.254658461999952, 40.661932782000065 ], [ -4.274096251999936, 40.677072342000031 ], [ -4.288211714999932, 40.680591427000024 ], [ -4.314561433999927, 40.667230586000073 ], [ -4.323202447999961, 40.65737101700006 ] ] ], [ [ [ -2.934833254999944, 42.594435569000041 ], [ -2.936264389999963, 42.59410104400007 ], [ -2.94128332899993, 42.59652593800007 ], [ -2.943276185999935, 42.600218441000038 ], [ -2.945238831999973, 42.603854968000064 ], [ -2.937000596999951, 42.611233174000063 ], [ -2.934803574999933, 42.613200838000068 ], [ -2.92976067799998, 42.611186961000044 ], [ -2.929657494999958, 42.60830242600008 ], [ -2.929582877999962, 42.606216475000053 ], [ -2.922989897999969, 42.601062888000058 ], [ -2.92265314399998, 42.60079965500006 ], [ -2.927681008999969, 42.596107394000057 ], [ -2.932576407999932, 42.594963103000055 ], [ -2.934833254999944, 42.594435569000041 ] ] ], [ [ [ -2.994401929999981, 42.603895113000078 ], [ -2.999402129999964, 42.600913989000048 ], [ -2.997903821999955, 42.604554734000033 ], [ -2.993734251999967, 42.614686386000074 ], [ -2.985245994999957, 42.614185529000054 ], [ -2.982881644999964, 42.610763519000045 ], [ -2.994401929999981, 42.603895113000078 ] ] ], [ [ [ -2.832388455999933, 42.792614623000077 ], [ -2.82619662999997, 42.785425228000065 ], [ -2.810820255999943, 42.791340611000066 ], [ -2.786690938999925, 42.792385238000065 ], [ -2.779200913999944, 42.792709503000026 ], [ -2.746436476999975, 42.792590115000053 ], [ -2.740390648999949, 42.793094136000036 ], [ -2.731866793999927, 42.793804743000067 ], [ -2.725035343999934, 42.790659599000037 ], [ -2.710776707999969, 42.784095040000068 ], [ -2.70166031399998, 42.783887337000067 ], [ -2.700880810999934, 42.783869577000075 ], [ -2.699941309999929, 42.783389303000035 ], [ -2.691567643999974, 42.779108677000067 ], [ -2.685612085999935, 42.779237810000041 ], [ -2.679807474999961, 42.779363671000056 ], [ -2.673308056999929, 42.775673061000077 ], [ -2.669180181999934, 42.773329102000048 ], [ -2.664087154999947, 42.773001563000037 ], [ -2.655410681999967, 42.772443567000039 ], [ -2.648628527999961, 42.76852285700005 ], [ -2.643362059999959, 42.765478353000049 ], [ -2.626007338999955, 42.767643138000039 ], [ -2.602371090999952, 42.770591465000052 ], [ -2.601855442999977, 42.766618212000026 ], [ -2.601739541999962, 42.765725154000052 ], [ -2.597332867999967, 42.762178356000049 ], [ -2.592677271999946, 42.758431208000047 ], [ -2.592144635999944, 42.757085017000065 ], [ -2.589741165999953, 42.751010458000053 ], [ -2.57580593299997, 42.754778455000064 ], [ -2.571273245999976, 42.757678362000036 ], [ -2.563578622999955, 42.762601201000052 ], [ -2.559093399999938, 42.762016219000031 ], [ -2.558759295999948, 42.75673979700008 ], [ -2.56348173899994, 42.747077836000074 ], [ -2.563611710999965, 42.739358057000061 ], [ -2.573615203999964, 42.724473064000051 ], [ -2.589344368999946, 42.711900037000078 ], [ -2.597401398999978, 42.713431039000056 ], [ -2.600384873999928, 42.713997961000075 ], [ -2.60740243999993, 42.70644539500006 ], [ -2.608286644999964, 42.696766713000045 ], [ -2.598314295999955, 42.691688590000069 ], [ -2.593779039999959, 42.689379145000032 ], [ -2.581748015999949, 42.677524969000046 ], [ -2.579841245999944, 42.675646227000072 ], [ -2.576308680999944, 42.668500361000042 ], [ -2.549211634999949, 42.669334712000079 ], [ -2.542899085999977, 42.678563927000027 ], [ -2.537174895999954, 42.686932934000026 ], [ -2.523174894999954, 42.68386330800007 ], [ -2.522997370999974, 42.66564737300007 ], [ -2.51799439499996, 42.654993636000029 ], [ -2.517772144999981, 42.647555490000059 ], [ -2.538271928999961, 42.638675902000045 ], [ -2.549562050999953, 42.638578205000044 ], [ -2.549226752999971, 42.642330549000064 ], [ -2.548936812999955, 42.645575293000036 ], [ -2.554075951999948, 42.649272418000066 ], [ -2.559947466999972, 42.647124053000027 ], [ -2.565176357999974, 42.645210822000081 ], [ -2.572830149999959, 42.647567188000039 ], [ -2.584243373999925, 42.651080966000052 ], [ -2.602557480999963, 42.648589739000045 ], [ -2.612445080999976, 42.647244751000073 ], [ -2.61868231099993, 42.648624889000075 ], [ -2.638066017999961, 42.649715054000069 ], [ -2.651009395999949, 42.660848500000043 ], [ -2.65186466199998, 42.663082770000074 ], [ -2.65429155299995, 42.669422698000062 ], [ -2.658565601999953, 42.671854210000049 ], [ -2.66326397399996, 42.669150244000036 ], [ -2.666746750999948, 42.667145867000045 ], [ -2.674902399999951, 42.668861674000027 ], [ -2.70124934699993, 42.674404614000025 ], [ -2.713337333999959, 42.66994322000005 ], [ -2.71448449899998, 42.667880251000042 ], [ -2.717405284999927, 42.662627744000076 ], [ -2.737708914999928, 42.663079147000076 ], [ -2.740640418999931, 42.664168545000052 ], [ -2.746436476999975, 42.66507819900005 ], [ -2.74893683199997, 42.665905180000038 ], [ -2.753307432999975, 42.665313909000076 ], [ -2.757564162999927, 42.665970182000081 ], [ -2.760640214999967, 42.665627173000075 ], [ -2.767900078999958, 42.666010947000075 ], [ -2.772832662999974, 42.670411581000053 ], [ -2.771272988999954, 42.67698951400007 ], [ -2.77233752199993, 42.678694279000069 ], [ -2.784299689999955, 42.697850732000063 ], [ -2.786690938999925, 42.697974809000073 ], [ -2.791160439999942, 42.698206722000066 ], [ -2.796701582999958, 42.698494241000049 ], [ -2.807909171999938, 42.704431549000049 ], [ -2.812163292999969, 42.706685202000074 ], [ -2.815927404999968, 42.707411601000047 ], [ -2.824329571999954, 42.709033053000041 ], [ -2.826182918999962, 42.712325747000079 ], [ -2.829715475999933, 42.718601761000059 ], [ -2.838410556999975, 42.721451119000051 ], [ -2.842375936999929, 42.722862617000033 ], [ -2.852985085999933, 42.72663900100008 ], [ -2.853897536999966, 42.728647033000072 ], [ -2.852570067999977, 42.729495985000028 ], [ -2.849172167999939, 42.73166903300006 ], [ -2.854755074999957, 42.73609549400004 ], [ -2.868859431999965, 42.740135128000077 ], [ -2.862002116999975, 42.745854511000061 ], [ -2.854499057999931, 42.747725869000078 ], [ -2.852753981999967, 42.759113100000036 ], [ -2.852664966999953, 42.764986706000059 ], [ -2.852597093999975, 42.76946532200003 ], [ -2.847223049999968, 42.77635162100006 ], [ -2.84467073199994, 42.777193216000057 ], [ -2.840690104999965, 42.778505779000056 ], [ -2.83816466199994, 42.78712742600004 ], [ -2.83549931899995, 42.796226679000029 ], [ -2.832388455999933, 42.792614623000077 ] ] ], [ [ [ -4.095977672999936, 42.795993966000026 ], [ -4.101571902999979, 42.793734954000058 ], [ -4.10680204199997, 42.799722400000064 ], [ -4.109354181999947, 42.80305962400007 ], [ -4.105816645999937, 42.808388841000067 ], [ -4.109434091999958, 42.813292972000056 ], [ -4.109943835999957, 42.813685670000041 ], [ -4.113224343999946, 42.81621291600004 ], [ -4.112242444999936, 42.818428610000069 ], [ -4.112464195999962, 42.822269619000053 ], [ -4.10921333999994, 42.825088405000031 ], [ -4.107299983999951, 42.827701574000059 ], [ -4.103047748999927, 42.825507457000072 ], [ -4.095933721999927, 42.823099334000062 ], [ -4.091835314999969, 42.821016051000072 ], [ -4.088870637999946, 42.818534484000054 ], [ -4.088842668999973, 42.813162176000048 ], [ -4.089333618999945, 42.809075480000047 ], [ -4.087728417999926, 42.80554950700008 ], [ -4.088901103999945, 42.803041669000038 ], [ -4.08949144199994, 42.80032338500007 ], [ -4.091462732999958, 42.798063432000049 ], [ -4.093715252999971, 42.797030968000058 ], [ -4.095977672999936, 42.795993966000026 ] ] ], [ [ [ -3.910160033999944, 42.891831743000068 ], [ -3.904939326999965, 42.886177125000074 ], [ -3.908668674999944, 42.88549641600008 ], [ -3.915221346999942, 42.888997208000035 ], [ -3.919084471999952, 42.887040677000073 ], [ -3.923362589999954, 42.889208950000068 ], [ -3.919217088999972, 42.89155515200008 ], [ -3.915683867999974, 42.889270773000078 ], [ -3.910160033999944, 42.891831743000068 ] ] ] ] } }
]
}
